key,scientificName,acceptedScientificName,taxonRank,infraspecificEpithet,decimalLatitude,decimalLongitude,coordinateUncertaintyInMeters,eventDate,year,basisOfRecord,institutionCode,collectionCode,catalogNumber,recordedBy,stateProvince,county,locality,issues,datasetKey,publishingOrgKey,license
6159549955,"Lagothrix lagothricha cana (É.Geoffroy Saint-Hilaire, 1812)","Lagothrix lagothricha cana (É.Geoffroy Saint-Hilaire, 1812)",SUBSPECIES,cana,-3.002224,-60.13222,31428.0,2026-02-11T00:31,2026.0,HUMAN_OBSERVATION,iNaturalist,Observations,338466982,wilmotsenaratne,Amazonas,,,"['COORDINATE_ROUNDED', 'CONTINENT_DERIVED_FROM_COORDINATES', 'TAXON_ID_NOT_FOUND']",50c9509d-22c7-4a22-a47d-8c48425ef4a7,28eb1a3f-1c15-4a95-931a-4af90ecb574d,http://creativecommons.org/licenses/by-nc/4.0/legalcode
6159554686,"Lagothrix lagothricha (Humboldt, 1812)","Lagothrix lagothricha (Humboldt, 1812)",SPECIES,,-2.8803,-60.123935,31431.0,2026-02-10T10:53:30,2026.0,HUMAN_OBSERVATION,iNaturalist,Observations,338085425,kezzaman,Amazonas,,,"['COORDINATE_ROUNDED', 'CONTINENT_DERIVED_FROM_COORDINATES', 'TAXON_ID_NOT_FOUND']",50c9509d-22c7-4a22-a47d-8c48425ef4a7,28eb1a3f-1c15-4a95-931a-4af90ecb574d,http://creativecommons.org/licenses/by-nc/4.0/legalcode
6159574904,"Lagothrix lagothricha cana (É.Geoffroy Saint-Hilaire, 1812)","Lagothrix lagothricha cana (É.Geoffroy Saint-Hilaire, 1812)",SUBSPECIES,cana,-2.827835,-60.013204,31431.0,2026-02-10T11:12:28,2026.0,HUMAN_OBSERVATION,iNaturalist,Observations,338250679,Justin Knott,Amazonas,,,"['COORDINATE_ROUNDED', 'CONTINENT_DERIVED_FROM_COORDINATES', 'TAXON_ID_NOT_FOUND']",50c9509d-22c7-4a22-a47d-8c48425ef4a7,28eb1a3f-1c15-4a95-931a-4af90ecb574d,http://creativecommons.org/licenses/by-nc/4.0/legalcode
6162925802,"Lagothrix lagothricha cana (É.Geoffroy Saint-Hilaire, 1812)","Lagothrix lagothricha cana (É.Geoffroy Saint-Hilaire, 1812)",SUBSPECIES,cana,-3.098895,-60.097638,31428.0,2026-02-11T00:31,2026.0,HUMAN_OBSERVATION,iNaturalist,Observations,339673525,wilmotsenaratne,Amazonas,,,"['COORDINATE_ROUNDED', 'CONTINENT_DERIVED_FROM_COORDINATES', 'TAXON_ID_NOT_FOUND']",50c9509d-22c7-4a22-a47d-8c48425ef4a7,28eb1a3f-1c15-4a95-931a-4af90ecb574d,http://creativecommons.org/licenses/by-nc/4.0/legalcode
6520650573,"Lagothrix lagothricha cana (É.Geoffroy Saint-Hilaire, 1812)","Lagothrix lagothricha cana (É.Geoffroy Saint-Hilaire, 1812)",SUBSPECIES,cana,-7.610657,-60.458943,31310.0,2026-06-28T12:04,2026.0,HUMAN_OBSERVATION,iNaturalist,Observations,382141018,Fernando Bondan,Amazonas,,,"['COORDINATE_ROUNDED', 'CONTINENT_DERIVED_FROM_COORDINATES', 'TAXON_ID_NOT_FOUND']",50c9509d-22c7-4a22-a47d-8c48425ef4a7,28eb1a3f-1c15-4a95-931a-4af90ecb574d,http://creativecommons.org/licenses/by/4.0/legalcode
5281842223,"Lagothrix lagothricha poeppigii Schinz, 1844","Lagothrix lagothricha poeppigii Schinz, 1844",SUBSPECIES,poeppigii,-7.570358,-73.639345,31317.0,2025-04-11T10:03,2025.0,HUMAN_OBSERVATION,iNaturalist,Observations,287375556,Paulo Mascaretti,Acre,,,"['COORDINATE_ROUNDED', 'CONTINENT_DERIVED_FROM_COORDINATES', 'TAXON_ID_NOT_FOUND']",50c9509d-22c7-4a22-a47d-8c48425ef4a7,28eb1a3f-1c15-4a95-931a-4af90ecb574d,http://creativecommons.org/licenses/by/4.0/legalcode
5187731098,"Lagothrix lagothricha cana (É.Geoffroy Saint-Hilaire, 1812)","Lagothrix lagothricha cana (É.Geoffroy Saint-Hilaire, 1812)",SUBSPECIES,cana,-8.552162,-60.835627,31279.0,2025-06-06T16:01,2025.0,HUMAN_OBSERVATION,iNaturalist,Observations,287624933,pfaucher,Amazonas,,,"['COORDINATE_ROUNDED', 'CONTINENT_DERIVED_FROM_COORDINATES', 'TAXON_ID_NOT_FOUND']",50c9509d-22c7-4a22-a47d-8c48425ef4a7,28eb1a3f-1c15-4a95-931a-4af90ecb574d,http://creativecommons.org/licenses/by-nc/4.0/legalcode
5206221565,"Lagothrix lagothricha cana (É.Geoffroy Saint-Hilaire, 1812)","Lagothrix lagothricha cana (É.Geoffroy Saint-Hilaire, 1812)",SUBSPECIES,cana,-8.565914,-60.954188,31279.0,2025-06-03T17:42,2025.0,HUMAN_OBSERVATION,iNaturalist,Observations,286671995,pfaucher,Amazonas,,,"['COORDINATE_ROUNDED', 'CONTINENT_DERIVED_FROM_COORDINATES', 'TAXON_ID_NOT_FOUND']",50c9509d-22c7-4a22-a47d-8c48425ef4a7,28eb1a3f-1c15-4a95-931a-4af90ecb574d,http://creativecommons.org/licenses/by-nc/4.0/legalcode
5291827394,"Lagothrix lagothricha cana (É.Geoffroy Saint-Hilaire, 1812)","Lagothrix lagothricha cana (É.Geoffroy Saint-Hilaire, 1812)",SUBSPECIES,cana,-7.776399,-60.23274,31310.0,2025-06-17T14:52:34,2025.0,HUMAN_OBSERVATION,iNaturalist,Observations,302710445,Kenny Uéslei,Amazonas,,,"['COORDINATE_ROUNDED', 'CONTINENT_DERIVED_FROM_COORDINATES', 'TAXON_ID_NOT_FOUND']",50c9509d-22c7-4a22-a47d-8c48425ef4a7,28eb1a3f-1c15-4a95-931a-4af90ecb574d,http://creativecommons.org/licenses/by-nc/4.0/legalcode
5216717492,"Lagothrix lagothricha cana (É.Geoffroy Saint-Hilaire, 1812)","Lagothrix lagothricha cana (É.Geoffroy Saint-Hilaire, 1812)",SUBSPECIES,cana,-6.012374,-49.888325,31362.0,2025-07-02T09:48,2025.0,HUMAN_OBSERVATION,iNaturalist,Observations,294862699,giuliaaoliveira,Pará,,,"['COORDINATE_ROUNDED', 'CONTINENT_DERIVED_FROM_COORDINATES', 'TAXON_ID_NOT_FOUND']",50c9509d-22c7-4a22-a47d-8c48425ef4a7,28eb1a3f-1c15-4a95-931a-4af90ecb574d,http://creativecommons.org/licenses/by-nc/4.0/legalcode
6334521547,"Lagothrix lagothricha cana (É.Geoffroy Saint-Hilaire, 1812)","Lagothrix lagothricha cana (É.Geoffroy Saint-Hilaire, 1812)",SUBSPECIES,cana,-9.873589,-58.248284,31218.0,2025-07-28T08:12,2025.0,HUMAN_OBSERVATION,iNaturalist,Observations,363957254,marcoseugenio,Mato Grosso,,,"['COORDINATE_ROUNDED', 'CONTINENT_DERIVED_FROM_COORDINATES', 'TAXON_ID_NOT_FOUND']",50c9509d-22c7-4a22-a47d-8c48425ef4a7,28eb1a3f-1c15-4a95-931a-4af90ecb574d,http://creativecommons.org/licenses/by-nc/4.0/legalcode
6334582555,"Lagothrix lagothricha cana (É.Geoffroy Saint-Hilaire, 1812)","Lagothrix lagothricha cana (É.Geoffroy Saint-Hilaire, 1812)",SUBSPECIES,cana,-2.812619,-60.097905,31431.0,2025-07-03T12:35,2025.0,HUMAN_OBSERVATION,iNaturalist,Observations,363946917,marcoseugenio,Amazonas,,,"['COORDINATE_ROUNDED', 'CONTINENT_DERIVED_FROM_COORDINATES', 'TAXON_ID_NOT_FOUND']",50c9509d-22c7-4a22-a47d-8c48425ef4a7,28eb1a3f-1c15-4a95-931a-4af90ecb574d,http://creativecommons.org/licenses/by-nc/4.0/legalcode
6130463967,"Lagothrix lagothricha cana (É.Geoffroy Saint-Hilaire, 1812)","Lagothrix lagothricha cana (É.Geoffroy Saint-Hilaire, 1812)",SUBSPECIES,cana,-9.915066,-58.239468,31218.0,2025-10-07T10:13,2025.0,HUMAN_OBSERVATION,iNaturalist,Observations,321883147,Sheelagh Halsey,Mato Grosso,,,"['COORDINATE_ROUNDED', 'CONTINENT_DERIVED_FROM_COORDINATES', 'TAXON_ID_NOT_FOUND']",50c9509d-22c7-4a22-a47d-8c48425ef4a7,28eb1a3f-1c15-4a95-931a-4af90ecb574d,http://creativecommons.org/licenses/by/4.0/legalcode
4596845684,"Lagothrix lagothricha cana (É.Geoffroy Saint-Hilaire, 1812)","Lagothrix lagothricha cana (É.Geoffroy Saint-Hilaire, 1812)",SUBSPECIES,cana,-8.733216,-63.789168,31271.0,2024-01-28T09:49,2024.0,HUMAN_OBSERVATION,iNaturalist,Observations,197887507,Pedro Bonavigo,Rondônia,,,"['COORDINATE_ROUNDED', 'CONTINENT_DERIVED_FROM_COORDINATES', 'TAXON_ID_NOT_FOUND']",50c9509d-22c7-4a22-a47d-8c48425ef4a7,28eb1a3f-1c15-4a95-931a-4af90ecb574d,http://creativecommons.org/licenses/by/4.0/legalcode
5087994456,"Lagothrix lagothricha cana (É.Geoffroy Saint-Hilaire, 1812)","Lagothrix lagothricha cana (É.Geoffroy Saint-Hilaire, 1812)",SUBSPECIES,cana,-7.408661,-60.763386,31317.0,2024-09-09T07:39,2024.0,HUMAN_OBSERVATION,iNaturalist,Observations,265633083,Fábio Olmos,Amazonas,,,"['COORDINATE_ROUNDED', 'CONTINENT_DERIVED_FROM_COORDINATES', 'TAXON_ID_NOT_FOUND']",50c9509d-22c7-4a22-a47d-8c48425ef4a7,28eb1a3f-1c15-4a95-931a-4af90ecb574d,http://creativecommons.org/licenses/by/4.0/legalcode
5104343302,"Lagothrix lagothricha cana (É.Geoffroy Saint-Hilaire, 1812)","Lagothrix lagothricha cana (É.Geoffroy Saint-Hilaire, 1812)",SUBSPECIES,cana,-8.146688,-60.46942,31295.0,2024-10-25T08:27,2024.0,HUMAN_OBSERVATION,iNaturalist,Observations,264207138,Glauko Corrêa|Proaves Rondoni,Amazonas,,,"['COORDINATE_ROUNDED', 'CONTINENT_DERIVED_FROM_COORDINATES', 'TAXON_ID_NOT_FOUND']",50c9509d-22c7-4a22-a47d-8c48425ef4a7,28eb1a3f-1c15-4a95-931a-4af90ecb574d,http://creativecommons.org/licenses/by-nc/4.0/legalcode
4138487755,"Lagothrix lagothricha cana (É.Geoffroy Saint-Hilaire, 1812)","Lagothrix lagothricha cana (É.Geoffroy Saint-Hilaire, 1812)",SUBSPECIES,cana,-7.594275,-60.641831,31317.0,2023-05-13T08:12,2023.0,HUMAN_OBSERVATION,iNaturalist,Observations,169312741,Huy Chi Truong,Amazonas,,,"['COORDINATE_ROUNDED', 'CONTINENT_DERIVED_FROM_COORDINATES', 'TAXON_ID_NOT_FOUND']",50c9509d-22c7-4a22-a47d-8c48425ef4a7,28eb1a3f-1c15-4a95-931a-4af90ecb574d,http://creativecommons.org/licenses/by-nc/4.0/legalcode
4400188055,"Lagothrix lagothricha (Humboldt, 1812)","Lagothrix lagothricha (Humboldt, 1812)",SPECIES,,-2.985003,-60.065798,31431.0,2023-07-04T18:37,2023.0,HUMAN_OBSERVATION,iNaturalist,Observations,179712093,capybara1357,Amazonas,,,"['COORDINATE_ROUNDED', 'CONTINENT_DERIVED_FROM_COORDINATES', 'TAXON_ID_NOT_FOUND']",50c9509d-22c7-4a22-a47d-8c48425ef4a7,28eb1a3f-1c15-4a95-931a-4af90ecb574d,http://creativecommons.org/licenses/by-nc/4.0/legalcode
4507664157,"Lagothrix lagothricha cana (É.Geoffroy Saint-Hilaire, 1812)","Lagothrix lagothricha cana (É.Geoffroy Saint-Hilaire, 1812)",SUBSPECIES,cana,-9.981236,-58.305924,31218.0,2023-08-11T10:20,2023.0,HUMAN_OBSERVATION,iNaturalist,Observations,195118933,Rachel Kolokoff Hopper,Mato Grosso,,,"['COORDINATE_ROUNDED', 'CONTINENT_DERIVED_FROM_COORDINATES', 'TAXON_ID_NOT_FOUND']",50c9509d-22c7-4a22-a47d-8c48425ef4a7,28eb1a3f-1c15-4a95-931a-4af90ecb574d,http://creativecommons.org/licenses/by-nc/4.0/legalcode
4507675025,"Lagothrix lagothricha cana (É.Geoffroy Saint-Hilaire, 1812)","Lagothrix lagothricha cana (É.Geoffroy Saint-Hilaire, 1812)",SUBSPECIES,cana,-9.854571,-58.367174,31218.0,2023-08-11T10:32,2023.0,HUMAN_OBSERVATION,iNaturalist,Observations,195124868,Rachel Kolokoff Hopper,Mato Grosso,,,"['COORDINATE_ROUNDED', 'CONTINENT_DERIVED_FROM_COORDINATES', 'TAXON_ID_NOT_FOUND']",50c9509d-22c7-4a22-a47d-8c48425ef4a7,28eb1a3f-1c15-4a95-931a-4af90ecb574d,http://creativecommons.org/licenses/by-nc/4.0/legalcode
6333924312,"Lagothrix lagothricha cana (É.Geoffroy Saint-Hilaire, 1812)","Lagothrix lagothricha cana (É.Geoffroy Saint-Hilaire, 1812)",SUBSPECIES,cana,-9.998415,-58.311712,31218.0,2023-08-11T10:20:59,2023.0,HUMAN_OBSERVATION,iNaturalist,Observations,363324877,David Blue,Mato Grosso,,,"['COORDINATE_ROUNDED', 'CONTINENT_DERIVED_FROM_COORDINATES', 'TAXON_ID_NOT_FOUND']",50c9509d-22c7-4a22-a47d-8c48425ef4a7,28eb1a3f-1c15-4a95-931a-4af90ecb574d,http://creativecommons.org/licenses/by-nc/4.0/legalcode
4597512273,"Lagothrix lagothricha cana (É.Geoffroy Saint-Hilaire, 1812)","Lagothrix lagothricha cana (É.Geoffroy Saint-Hilaire, 1812)",SUBSPECIES,cana,-9.578613,-67.342126,31236.0,2023-09-29T10:55,2023.0,HUMAN_OBSERVATION,iNaturalist,Observations,202527349,Ricardo Ribeiro,Amazonas,,,"['COORDINATE_ROUNDED', 'CONTINENT_DERIVED_FROM_COORDINATES', 'TAXON_ID_NOT_FOUND']",50c9509d-22c7-4a22-a47d-8c48425ef4a7,28eb1a3f-1c15-4a95-931a-4af90ecb574d,http://creativecommons.org/licenses/by-nc/4.0/legalcode
4596865814,"Lagothrix lagothricha cana (É.Geoffroy Saint-Hilaire, 1812)","Lagothrix lagothricha cana (É.Geoffroy Saint-Hilaire, 1812)",SUBSPECIES,cana,-8.740175,-63.913514,31271.0,2023-12-09T11:25,2023.0,HUMAN_OBSERVATION,iNaturalist,Observations,200660825,Kenny Uéslei,Rondônia,,,"['COORDINATE_ROUNDED', 'CONTINENT_DERIVED_FROM_COORDINATES', 'TAXON_ID_NOT_FOUND']",50c9509d-22c7-4a22-a47d-8c48425ef4a7,28eb1a3f-1c15-4a95-931a-4af90ecb574d,http://creativecommons.org/licenses/by-nc/4.0/legalcode
4596994082,"Lagothrix lagothricha cana (É.Geoffroy Saint-Hilaire, 1812)","Lagothrix lagothricha cana (É.Geoffroy Saint-Hilaire, 1812)",SUBSPECIES,cana,-8.667518,-63.957558,31271.0,2023-12-05T10:39,2023.0,HUMAN_OBSERVATION,iNaturalist,Observations,202170505,mariopolidoro,Rondônia,,,"['COORDINATE_ROUNDED', 'CONTINENT_DERIVED_FROM_COORDINATES', 'TAXON_ID_NOT_FOUND']",50c9509d-22c7-4a22-a47d-8c48425ef4a7,28eb1a3f-1c15-4a95-931a-4af90ecb574d,http://creativecommons.org/licenses/by-nc/4.0/legalcode
3760631368,"Lagothrix lagothricha cana (É.Geoffroy Saint-Hilaire, 1812)","Lagothrix lagothricha cana (É.Geoffroy Saint-Hilaire, 1812)",SUBSPECIES,cana,-9.335025,-57.197557,31245.0,2022-03-16T10:35,2022.0,HUMAN_OBSERVATION,iNaturalist,Observations,109442562,jbeirao,Mato Grosso,,,"['COORDINATE_ROUNDED', 'CONTINENT_DERIVED_FROM_COORDINATES', 'TAXON_ID_NOT_FOUND']",50c9509d-22c7-4a22-a47d-8c48425ef4a7,28eb1a3f-1c15-4a95-931a-4af90ecb574d,http://creativecommons.org/licenses/by-nc/4.0/legalcode
3988792580,"Lagothrix lagothricha lagothricha (Humboldt, 1812)","Lagothrix lagothricha lagothricha (Humboldt, 1812)",SUBSPECIES,lagothricha,-4.229969,-70.303509,31407.0,2022-05-21T15:39:35,2022.0,HUMAN_OBSERVATION,iNaturalist,Observations,135621940,Jessica Wu,Amazonas,,,"['COORDINATE_ROUNDED', 'CONTINENT_DERIVED_FROM_COORDINATES', 'TAXON_ID_NOT_FOUND']",50c9509d-22c7-4a22-a47d-8c48425ef4a7,28eb1a3f-1c15-4a95-931a-4af90ecb574d,http://creativecommons.org/licenses/by-nc/4.0/legalcode
3988476470,"Lagothrix lagothricha poeppigii Schinz, 1844","Lagothrix lagothricha poeppigii Schinz, 1844",SUBSPECIES,poeppigii,-4.231303,-70.062531,31407.0,2022-06-26T11:14:33,2022.0,HUMAN_OBSERVATION,iNaturalist,Observations,125158386,jepenamur,Amazonas,,,"['COORDINATE_ROUNDED', 'CONTINENT_DERIVED_FROM_COORDINATES', 'TAXON_ID_NOT_FOUND']",50c9509d-22c7-4a22-a47d-8c48425ef4a7,28eb1a3f-1c15-4a95-931a-4af90ecb574d,http://creativecommons.org/licenses/by-nc/4.0/legalcode
6511000287,"Lagothrix lagothricha (Humboldt, 1812)","Lagothrix lagothricha (Humboldt, 1812)",SPECIES,,-8.286064,-67.557538,,2022-07-01T00:00,2022.0,HUMAN_OBSERVATION,ICMBio,Dados de Pesquisa SISBio,33400,TOM ADNET MOURA,Amazonas,,,"['CONTINENT_DERIVED_FROM_COORDINATES', 'SCIENTIFIC_NAME_ID_NOT_FOUND', 'TAXON_ID_NOT_FOUND', 'OCCURRENCE_STATUS_INFERRED_FROM_INDIVIDUAL_COUNT']",ffe38a37-d659-4b1a-a935-5a5264e3cc0a,25be1cbb-af76-44ea-8ff3-074799790dce,http://creativecommons.org/licenses/by/4.0/legalcode
6334229797,"Lagothrix lagothricha cana (É.Geoffroy Saint-Hilaire, 1812)","Lagothrix lagothricha cana (É.Geoffroy Saint-Hilaire, 1812)",SUBSPECIES,cana,-2.914061,-60.173001,31431.0,2022-08-25T11:40,2022.0,HUMAN_OBSERVATION,iNaturalist,Observations,365209653,sergioueda,Amazonas,,,"['COORDINATE_ROUNDED', 'CONTINENT_DERIVED_FROM_COORDINATES', 'TAXON_ID_NOT_FOUND']",50c9509d-22c7-4a22-a47d-8c48425ef4a7,28eb1a3f-1c15-4a95-931a-4af90ecb574d,http://creativecommons.org/licenses/by-nc/4.0/legalcode
3961143933,"Lagothrix lagothricha cana (É.Geoffroy Saint-Hilaire, 1812)","Lagothrix lagothricha cana (É.Geoffroy Saint-Hilaire, 1812)",SUBSPECIES,cana,-9.809387,-59.46282,31218.0,2022-09-21T10:47,2022.0,HUMAN_OBSERVATION,iNaturalist,Observations,140174747,Giovanni B. Pupin,Mato Grosso,,,"['COORDINATE_ROUNDED', 'CONTINENT_DERIVED_FROM_COORDINATES', 'TAXON_ID_NOT_FOUND']",50c9509d-22c7-4a22-a47d-8c48425ef4a7,28eb1a3f-1c15-4a95-931a-4af90ecb574d,http://creativecommons.org/licenses/by-nc/4.0/legalcode
3988556533,"Lagothrix lagothricha cana (É.Geoffroy Saint-Hilaire, 1812)","Lagothrix lagothricha cana (É.Geoffroy Saint-Hilaire, 1812)",SUBSPECIES,cana,-3.270841,-65.896822,1253373.0,2022-09-02T15:05:52,2022.0,HUMAN_OBSERVATION,iNaturalist,Observations,134368686,rodrigo ferraz,Amazonas,,,"['COORDINATE_ROUNDED', 'CONTINENT_DERIVED_FROM_COORDINATES', 'TAXON_ID_NOT_FOUND']",50c9509d-22c7-4a22-a47d-8c48425ef4a7,28eb1a3f-1c15-4a95-931a-4af90ecb574d,http://creativecommons.org/licenses/by-nc/4.0/legalcode
3988629716,"Lagothrix lagothricha cana (É.Geoffroy Saint-Hilaire, 1812)","Lagothrix lagothricha cana (É.Geoffroy Saint-Hilaire, 1812)",SUBSPECIES,cana,-8.75882,-63.979864,31271.0,2022-09-30T15:00,2022.0,HUMAN_OBSERVATION,iNaturalist,Observations,143305815,Kenny Uéslei,Rondônia,,,"['COORDINATE_ROUNDED', 'CONTINENT_DERIVED_FROM_COORDINATES', 'TAXON_ID_NOT_FOUND']",50c9509d-22c7-4a22-a47d-8c48425ef4a7,28eb1a3f-1c15-4a95-931a-4af90ecb574d,http://creativecommons.org/licenses/by-nc/4.0/legalcode
4600068508,"Lagothrix lagothricha cana (É.Geoffroy Saint-Hilaire, 1812)","Lagothrix lagothricha cana (É.Geoffroy Saint-Hilaire, 1812)",SUBSPECIES,cana,-9.915015,-58.320972,31218.0,2022-09-25T11:26,2022.0,HUMAN_OBSERVATION,iNaturalist,Observations,202054952,MarcosHalemFelix,Mato Grosso,,,"['COORDINATE_ROUNDED', 'CONTINENT_DERIVED_FROM_COORDINATES', 'TAXON_ID_NOT_FOUND']",50c9509d-22c7-4a22-a47d-8c48425ef4a7,28eb1a3f-1c15-4a95-931a-4af90ecb574d,http://creativecommons.org/licenses/by-nc/4.0/legalcode
3985957154,"Lagothrix lagothricha cana (É.Geoffroy Saint-Hilaire, 1812)","Lagothrix lagothricha cana (É.Geoffroy Saint-Hilaire, 1812)",SUBSPECIES,cana,-6.08487,-50.163548,31362.0,2022-11-25T14:32,2022.0,HUMAN_OBSERVATION,iNaturalist,Observations,142962331,Marcio Santos Ferreira,Pará,,,"['COORDINATE_ROUNDED', 'CONTINENT_DERIVED_FROM_COORDINATES', 'TAXON_ID_NOT_FOUND']",50c9509d-22c7-4a22-a47d-8c48425ef4a7,28eb1a3f-1c15-4a95-931a-4af90ecb574d,http://creativecommons.org/licenses/by/4.0/legalcode
6179306130,"Lagothrix lagothricha cana (É.Geoffroy Saint-Hilaire, 1812)","Lagothrix lagothricha cana (É.Geoffroy Saint-Hilaire, 1812)",SUBSPECIES,cana,-3.681298,-59.824877,31418.0,2021-06-15T08:06,2021.0,HUMAN_OBSERVATION,iNaturalist,Observations,342621422,Leandro Rezende,Amazonas,,,"['COORDINATE_ROUNDED', 'CONTINENT_DERIVED_FROM_COORDINATES', 'TAXON_ID_NOT_FOUND']",50c9509d-22c7-4a22-a47d-8c48425ef4a7,28eb1a3f-1c15-4a95-931a-4af90ecb574d,http://creativecommons.org/licenses/by/4.0/legalcode
5153455154,"Lagothrix lagothricha cana (É.Geoffroy Saint-Hilaire, 1812)","Lagothrix lagothricha cana (É.Geoffroy Saint-Hilaire, 1812)",SUBSPECIES,cana,-10.04424,-59.59614,31208.0,2021-10-13T16:19,2021.0,HUMAN_OBSERVATION,iNaturalist,Observations,277556990,Victor Fávaro Augusto,Mato Grosso,,,"['COORDINATE_ROUNDED', 'CONTINENT_DERIVED_FROM_COORDINATES', 'TAXON_ID_NOT_FOUND']",50c9509d-22c7-4a22-a47d-8c48425ef4a7,28eb1a3f-1c15-4a95-931a-4af90ecb574d,http://creativecommons.org/licenses/by-nc/4.0/legalcode
3415737942,"Lagothrix lagothricha poeppigii Schinz, 1844","Lagothrix lagothricha poeppigii Schinz, 1844",SUBSPECIES,poeppigii,-7.548051,-73.741682,31317.0,2021-11-11T07:41,2021.0,HUMAN_OBSERVATION,iNaturalist,Observations,101131635,Marllus Rafael Almeida,Acre,,,"['COORDINATE_ROUNDED', 'CONTINENT_DERIVED_FROM_COORDINATES', 'TAXON_ID_NOT_FOUND']",50c9509d-22c7-4a22-a47d-8c48425ef4a7,28eb1a3f-1c15-4a95-931a-4af90ecb574d,http://creativecommons.org/licenses/by-nc/4.0/legalcode
3892650434,"Lagothrix lagothricha cana (É.Geoffroy Saint-Hilaire, 1812)","Lagothrix lagothricha cana (É.Geoffroy Saint-Hilaire, 1812)",SUBSPECIES,cana,-3.623956,-59.945467,31418.0,2021-12-20T11:53,2021.0,HUMAN_OBSERVATION,iNaturalist,Observations,127024464,gabriel15757,Amazonas,,,"['COORDINATE_ROUNDED', 'CONTINENT_DERIVED_FROM_COORDINATES', 'TAXON_ID_NOT_FOUND']",50c9509d-22c7-4a22-a47d-8c48425ef4a7,28eb1a3f-1c15-4a95-931a-4af90ecb574d,http://creativecommons.org/licenses/by-nc/4.0/legalcode
6510247320,"Lagothrix lagothricha (Humboldt, 1812)","Lagothrix lagothricha (Humboldt, 1812)",SPECIES,,-13.008611,-38.505,,2019-01-11T00:00,2019.0,HUMAN_OBSERVATION,ICMBio,Dados de Pesquisa SISBio,22386,Simone Baldini Lucheis,Bahia,,,"['GEODETIC_DATUM_INVALID', 'GEODETIC_DATUM_ASSUMED_WGS84', 'CONTINENT_DERIVED_FROM_COORDINATES', 'SCIENTIFIC_NAME_ID_NOT_FOUND', 'TAXON_ID_NOT_FOUND', 'OCCURRENCE_STATUS_INFERRED_FROM_INDIVIDUAL_COUNT']",ffe38a37-d659-4b1a-a935-5a5264e3cc0a,25be1cbb-af76-44ea-8ff3-074799790dce,http://creativecommons.org/licenses/by/4.0/legalcode
6511116344,"Lagothrix lagothricha (Humboldt, 1812)","Lagothrix lagothricha (Humboldt, 1812)",SPECIES,,-13.008611,-38.505,,2019-01-11T00:00,2019.0,HUMAN_OBSERVATION,ICMBio,Dados de Pesquisa SISBio,22717,Simone Baldini Lucheis,Bahia,,,"['GEODETIC_DATUM_INVALID', 'GEODETIC_DATUM_ASSUMED_WGS84', 'CONTINENT_DERIVED_FROM_COORDINATES', 'SCIENTIFIC_NAME_ID_NOT_FOUND', 'TAXON_ID_NOT_FOUND', 'OCCURRENCE_STATUS_INFERRED_FROM_INDIVIDUAL_COUNT']",ffe38a37-d659-4b1a-a935-5a5264e3cc0a,25be1cbb-af76-44ea-8ff3-074799790dce,http://creativecommons.org/licenses/by/4.0/legalcode
6511016621,"Lagothrix cana (É.Geoffroy Saint-Hilaire, 1812)","Lagothrix lagothricha cana (É.Geoffroy Saint-Hilaire, 1812)",SPECIES,,-15.8475,-47.939167,,2019-03-27T00:00,2019.0,HUMAN_OBSERVATION,ICMBio,Dados de Pesquisa SISBio,22386,Simone Baldini Lucheis,Distrito Federal,,,"['GEODETIC_DATUM_INVALID', 'GEODETIC_DATUM_ASSUMED_WGS84', 'CONTINENT_DERIVED_FROM_COORDINATES', 'SCIENTIFIC_NAME_ID_NOT_FOUND', 'TAXON_ID_NOT_FOUND', 'OCCURRENCE_STATUS_INFERRED_FROM_INDIVIDUAL_COUNT']",ffe38a37-d659-4b1a-a935-5a5264e3cc0a,25be1cbb-af76-44ea-8ff3-074799790dce,http://creativecommons.org/licenses/by/4.0/legalcode
6511335452,"Lagothrix cana (É.Geoffroy Saint-Hilaire, 1812)","Lagothrix lagothricha cana (É.Geoffroy Saint-Hilaire, 1812)",SPECIES,,-15.8475,-47.939167,,2019-03-27T00:00,2019.0,HUMAN_OBSERVATION,ICMBio,Dados de Pesquisa SISBio,22717,Simone Baldini Lucheis,Distrito Federal,,,"['GEODETIC_DATUM_INVALID', 'GEODETIC_DATUM_ASSUMED_WGS84', 'CONTINENT_DERIVED_FROM_COORDINATES', 'SCIENTIFIC_NAME_ID_NOT_FOUND', 'TAXON_ID_NOT_FOUND', 'OCCURRENCE_STATUS_INFERRED_FROM_INDIVIDUAL_COUNT']",ffe38a37-d659-4b1a-a935-5a5264e3cc0a,25be1cbb-af76-44ea-8ff3-074799790dce,http://creativecommons.org/licenses/by/4.0/legalcode
2557770096,"Lagothrix lagothricha cana (É.Geoffroy Saint-Hilaire, 1812)","Lagothrix lagothricha cana (É.Geoffroy Saint-Hilaire, 1812)",SUBSPECIES,cana,-9.934633,-58.34504,31218.0,2019-09-05T10:26:45,2019.0,HUMAN_OBSERVATION,iNaturalist,Observations,37524816,Allan Hopkins,Mato Grosso,,,"['COORDINATE_ROUNDED', 'CONTINENT_DERIVED_FROM_COORDINATES', 'TAXON_ID_NOT_FOUND']",50c9509d-22c7-4a22-a47d-8c48425ef4a7,28eb1a3f-1c15-4a95-931a-4af90ecb574d,http://creativecommons.org/licenses/by/4.0/legalcode
3759054962,"Lagothrix lagothricha cana (É.Geoffroy Saint-Hilaire, 1812)","Lagothrix lagothricha cana (É.Geoffroy Saint-Hilaire, 1812)",SUBSPECIES,cana,-9.881052,-58.38278,31218.0,2019-09-05T10:18:55,2019.0,HUMAN_OBSERVATION,iNaturalist,Observations,109531418,Allan Hopkins,Mato Grosso,,,"['COORDINATE_ROUNDED', 'CONTINENT_DERIVED_FROM_COORDINATES', 'TAXON_ID_NOT_FOUND']",50c9509d-22c7-4a22-a47d-8c48425ef4a7,28eb1a3f-1c15-4a95-931a-4af90ecb574d,http://creativecommons.org/licenses/by/4.0/legalcode
2447970928,"Lagothrix lagothricha cana (É.Geoffroy Saint-Hilaire, 1812)","Lagothrix lagothricha cana (É.Geoffroy Saint-Hilaire, 1812)",SUBSPECIES,cana,-9.162585,-59.184418,31254.0,2019-10-17T09:03,2019.0,HUMAN_OBSERVATION,iNaturalist,Observations,35009975,Paulo Henrique Bonavigo,Mato Grosso,,,"['COORDINATE_ROUNDED', 'CONTINENT_DERIVED_FROM_COORDINATES', 'TAXON_ID_NOT_FOUND']",50c9509d-22c7-4a22-a47d-8c48425ef4a7,28eb1a3f-1c15-4a95-931a-4af90ecb574d,http://creativecommons.org/licenses/by-nc/4.0/legalcode
2626348725,"Lagothrix lagothricha cana (É.Geoffroy Saint-Hilaire, 1812)","Lagothrix lagothricha cana (É.Geoffroy Saint-Hilaire, 1812)",SUBSPECIES,cana,-10.084478,-61.320244,31208.0,2019-10-26T12:22,2019.0,HUMAN_OBSERVATION,iNaturalist,Observations,46543747,Fábio Olmos,Mato Grosso,,,"['COORDINATE_ROUNDED', 'CONTINENT_DERIVED_FROM_COORDINATES', 'TAXON_ID_NOT_FOUND']",50c9509d-22c7-4a22-a47d-8c48425ef4a7,28eb1a3f-1c15-4a95-931a-4af90ecb574d,http://creativecommons.org/licenses/by/4.0/legalcode
6430898031,"Lagothrix lagothricha cana (É.Geoffroy Saint-Hilaire, 1812)","Lagothrix lagothricha cana (É.Geoffroy Saint-Hilaire, 1812)",SUBSPECIES,cana,-4.189864,-60.988068,31411.0,2019-10-24T17:08,2019.0,HUMAN_OBSERVATION,iNaturalist,Observations,377087423,Francisco J. Serrano Eizaguerri,Amazonas,,,"['COORDINATE_ROUNDED', 'CONTINENT_DERIVED_FROM_COORDINATES', 'TAXON_ID_NOT_FOUND']",50c9509d-22c7-4a22-a47d-8c48425ef4a7,28eb1a3f-1c15-4a95-931a-4af90ecb574d,http://creativecommons.org/licenses/by-nc/4.0/legalcode
3330699798,"Lagothrix lagothricha cana (É.Geoffroy Saint-Hilaire, 1812)","Lagothrix lagothricha cana (É.Geoffroy Saint-Hilaire, 1812)",SUBSPECIES,cana,-6.072065,-49.84796,31362.0,2019-12-01T13:35Z,2019.0,HUMAN_OBSERVATION,iNaturalist,Observations,87395466,NINA WENÓLI,Pará,,,"['COORDINATE_ROUNDED', 'CONTINENT_DERIVED_FROM_COORDINATES', 'TAXON_ID_NOT_FOUND']",50c9509d-22c7-4a22-a47d-8c48425ef4a7,28eb1a3f-1c15-4a95-931a-4af90ecb574d,http://creativecommons.org/publicdomain/zero/1.0/legalcode
3067880790,"Lagothrix lagothricha cana (É.Geoffroy Saint-Hilaire, 1812)","Lagothrix lagothricha cana (É.Geoffroy Saint-Hilaire, 1812)",SUBSPECIES,cana,-9.860379,-58.311906,31218.0,2018-04-15T09:57Z,2018.0,HUMAN_OBSERVATION,iNaturalist,Observations,71635153,Bradley Davis,Mato Grosso,,,"['COORDINATE_ROUNDED', 'CONTINENT_DERIVED_FROM_COORDINATES', 'TAXON_ID_NOT_FOUND']",50c9509d-22c7-4a22-a47d-8c48425ef4a7,28eb1a3f-1c15-4a95-931a-4af90ecb574d,http://creativecommons.org/licenses/by-nc/4.0/legalcode
6195361494,"Lagothrix lagothricha cana (É.Geoffroy Saint-Hilaire, 1812)","Lagothrix lagothricha cana (É.Geoffroy Saint-Hilaire, 1812)",SUBSPECIES,cana,-3.657934,-59.942102,31418.0,2018-07-16T07:41,2018.0,HUMAN_OBSERVATION,iNaturalist,Observations,348565788,maximevkn,Amazonas,,,"['COORDINATE_ROUNDED', 'CONTINENT_DERIVED_FROM_COORDINATES', 'TAXON_ID_NOT_FOUND']",50c9509d-22c7-4a22-a47d-8c48425ef4a7,28eb1a3f-1c15-4a95-931a-4af90ecb574d,http://creativecommons.org/licenses/by-nc/4.0/legalcode
6235960864,"Lagothrix lagothricha cana (É.Geoffroy Saint-Hilaire, 1812)","Lagothrix lagothricha cana (É.Geoffroy Saint-Hilaire, 1812)",SUBSPECIES,cana,-3.503783,-59.217137,31422.0,2018-07-16T14:51,2018.0,HUMAN_OBSERVATION,iNaturalist,Observations,248654710,Diego Gallotti,Amazonas,,,"['COORDINATE_ROUNDED', 'CONTINENT_DERIVED_FROM_COORDINATES', 'TAXON_ID_NOT_FOUND']",50c9509d-22c7-4a22-a47d-8c48425ef4a7,28eb1a3f-1c15-4a95-931a-4af90ecb574d,http://creativecommons.org/licenses/by/4.0/legalcode
6510294098,"Lagothrix cana (É.Geoffroy Saint-Hilaire, 1812)","Lagothrix lagothricha cana (É.Geoffroy Saint-Hilaire, 1812)",SPECIES,,-7.73934,-66.682716,,2018-07-01T00:00,2018.0,HUMAN_OBSERVATION,ICMBio,Dados de Pesquisa SISBio,29070,Ricardo Sampaio,Amazonas,,,"['CONTINENT_DERIVED_FROM_COORDINATES', 'SCIENTIFIC_NAME_ID_NOT_FOUND', 'TAXON_ID_NOT_FOUND', 'OCCURRENCE_STATUS_INFERRED_FROM_INDIVIDUAL_COUNT']",ffe38a37-d659-4b1a-a935-5a5264e3cc0a,25be1cbb-af76-44ea-8ff3-074799790dce,http://creativecommons.org/licenses/by/4.0/legalcode
6510308865,"Lagothrix cana (É.Geoffroy Saint-Hilaire, 1812)","Lagothrix lagothricha cana (É.Geoffroy Saint-Hilaire, 1812)",SPECIES,,-7.61353,-65.60058,,2018-07-01T00:00,2018.0,HUMAN_OBSERVATION,ICMBio,Dados de Pesquisa SISBio,29070,Ricardo Sampaio,Amazonas,,,"['CONTINENT_DERIVED_FROM_COORDINATES', 'SCIENTIFIC_NAME_ID_NOT_FOUND', 'TAXON_ID_NOT_FOUND', 'OCCURRENCE_STATUS_INFERRED_FROM_INDIVIDUAL_COUNT']",ffe38a37-d659-4b1a-a935-5a5264e3cc0a,25be1cbb-af76-44ea-8ff3-074799790dce,http://creativecommons.org/licenses/by/4.0/legalcode
6510666689,"Lagothrix cana (É.Geoffroy Saint-Hilaire, 1812)","Lagothrix lagothricha cana (É.Geoffroy Saint-Hilaire, 1812)",SPECIES,,-3.825583,-66.076389,,2018-07-28T00:00,2018.0,HUMAN_OBSERVATION,ICMBio,Dados de Pesquisa SISBio,14939,João Valsecchi do Amaral,Amazonas,,,"['CONTINENT_DERIVED_FROM_COORDINATES', 'SCIENTIFIC_NAME_ID_NOT_FOUND', 'TAXON_ID_NOT_FOUND', 'OCCURRENCE_STATUS_INFERRED_FROM_INDIVIDUAL_COUNT']",ffe38a37-d659-4b1a-a935-5a5264e3cc0a,25be1cbb-af76-44ea-8ff3-074799790dce,http://creativecommons.org/licenses/by/4.0/legalcode
6510959992,"Lagothrix cana (É.Geoffroy Saint-Hilaire, 1812)","Lagothrix lagothricha cana (É.Geoffroy Saint-Hilaire, 1812)",SPECIES,,-3.825111,-66.077083,,2018-07-28T00:00,2018.0,HUMAN_OBSERVATION,ICMBio,Dados de Pesquisa SISBio,14939,João Valsecchi do Amaral,Amazonas,,,"['CONTINENT_DERIVED_FROM_COORDINATES', 'SCIENTIFIC_NAME_ID_NOT_FOUND', 'TAXON_ID_NOT_FOUND', 'OCCURRENCE_STATUS_INFERRED_FROM_INDIVIDUAL_COUNT']",ffe38a37-d659-4b1a-a935-5a5264e3cc0a,25be1cbb-af76-44ea-8ff3-074799790dce,http://creativecommons.org/licenses/by/4.0/legalcode
6511279038,"Lagothrix cana (É.Geoffroy Saint-Hilaire, 1812)","Lagothrix lagothricha cana (É.Geoffroy Saint-Hilaire, 1812)",SPECIES,,-3.825111,-66.077083,,2018-07-28T00:00,2018.0,HUMAN_OBSERVATION,ICMBio,Dados de Pesquisa SISBio,14939,João Valsecchi do Amaral,Amazonas,,,"['CONTINENT_DERIVED_FROM_COORDINATES', 'SCIENTIFIC_NAME_ID_NOT_FOUND', 'TAXON_ID_NOT_FOUND', 'OCCURRENCE_STATUS_INFERRED_FROM_INDIVIDUAL_COUNT']",ffe38a37-d659-4b1a-a935-5a5264e3cc0a,25be1cbb-af76-44ea-8ff3-074799790dce,http://creativecommons.org/licenses/by/4.0/legalcode
6510431851,"Lagothrix cana (É.Geoffroy Saint-Hilaire, 1812)","Lagothrix lagothricha cana (É.Geoffroy Saint-Hilaire, 1812)",SPECIES,,-9.845515,-58.280347,,2018-08-20T00:00,2018.0,HUMAN_OBSERVATION,ICMBio,Dados de Pesquisa SISBio,25119,RAÍSSA SEPULVIDA ALVES,Mato Grosso,,,"['CONTINENT_DERIVED_FROM_COORDINATES', 'SCIENTIFIC_NAME_ID_NOT_FOUND', 'TAXON_ID_NOT_FOUND', 'OCCURRENCE_STATUS_INFERRED_FROM_INDIVIDUAL_COUNT']",ffe38a37-d659-4b1a-a935-5a5264e3cc0a,25be1cbb-af76-44ea-8ff3-074799790dce,http://creativecommons.org/licenses/by/4.0/legalcode
6511053097,"Lagothrix lagothricha (Humboldt, 1812)","Lagothrix lagothricha (Humboldt, 1812)",SPECIES,,-3.100556,-60.043611,,2018-10-09T00:00,2018.0,HUMAN_OBSERVATION,ICMBio,Dados de Pesquisa SISBio,24916,Marcus Vinícius Guimarães de Lacerda,Amazonas,,,"['GEODETIC_DATUM_INVALID', 'GEODETIC_DATUM_ASSUMED_WGS84', 'CONTINENT_DERIVED_FROM_COORDINATES', 'SCIENTIFIC_NAME_ID_NOT_FOUND', 'TAXON_ID_NOT_FOUND', 'OCCURRENCE_STATUS_INFERRED_FROM_INDIVIDUAL_COUNT']",ffe38a37-d659-4b1a-a935-5a5264e3cc0a,25be1cbb-af76-44ea-8ff3-074799790dce,http://creativecommons.org/licenses/by/4.0/legalcode
6510781419,"Lagothrix lagothricha (Humboldt, 1812)","Lagothrix lagothricha (Humboldt, 1812)",SPECIES,,-23.651944,-46.617778,,2017-02-24T00:00,2017.0,HUMAN_OBSERVATION,ICMBio,Dados de Pesquisa SISBio,15944,Karin Kirchgatter,São Paulo,,,"['CONTINENT_DERIVED_FROM_COORDINATES', 'SCIENTIFIC_NAME_ID_NOT_FOUND', 'TAXON_ID_NOT_FOUND', 'OCCURRENCE_STATUS_INFERRED_FROM_INDIVIDUAL_COUNT']",ffe38a37-d659-4b1a-a935-5a5264e3cc0a,25be1cbb-af76-44ea-8ff3-074799790dce,http://creativecommons.org/licenses/by/4.0/legalcode
6510736663,"Lagothrix lagothricha (Humboldt, 1812)","Lagothrix lagothricha (Humboldt, 1812)",SPECIES,,-1.6975,-67.926694,,2017-06-03T00:00,2017.0,HUMAN_OBSERVATION,ICMBio,Dados de Pesquisa SISBio,14939,João Valsecchi do Amaral,Amazonas,,,"['CONTINENT_DERIVED_FROM_COORDINATES', 'SCIENTIFIC_NAME_ID_NOT_FOUND', 'TAXON_ID_NOT_FOUND', 'OCCURRENCE_STATUS_INFERRED_FROM_INDIVIDUAL_COUNT']",ffe38a37-d659-4b1a-a935-5a5264e3cc0a,25be1cbb-af76-44ea-8ff3-074799790dce,http://creativecommons.org/licenses/by/4.0/legalcode
6510857753,"Lagothrix lagothricha (Humboldt, 1812)","Lagothrix lagothricha (Humboldt, 1812)",SPECIES,,-1.962472,-67.933944,,2017-06-07T00:00,2017.0,HUMAN_OBSERVATION,ICMBio,Dados de Pesquisa SISBio,14939,João Valsecchi do Amaral,Amazonas,,,"['CONTINENT_DERIVED_FROM_COORDINATES', 'SCIENTIFIC_NAME_ID_NOT_FOUND', 'TAXON_ID_NOT_FOUND', 'OCCURRENCE_STATUS_INFERRED_FROM_INDIVIDUAL_COUNT']",ffe38a37-d659-4b1a-a935-5a5264e3cc0a,25be1cbb-af76-44ea-8ff3-074799790dce,http://creativecommons.org/licenses/by/4.0/legalcode
6510887179,"Lagothrix lagothricha (Humboldt, 1812)","Lagothrix lagothricha (Humboldt, 1812)",SPECIES,,-22.904444,-43.229167,,2017-07-07T00:00,2017.0,HUMAN_OBSERVATION,ICMBio,Dados de Pesquisa SISBio,20084,Alynne da Silva Barbosa,Rio de Janeiro,,,"['GEODETIC_DATUM_INVALID', 'GEODETIC_DATUM_ASSUMED_WGS84', 'CONTINENT_DERIVED_FROM_COORDINATES', 'SCIENTIFIC_NAME_ID_NOT_FOUND', 'TAXON_ID_NOT_FOUND', 'OCCURRENCE_STATUS_INFERRED_FROM_INDIVIDUAL_COUNT']",ffe38a37-d659-4b1a-a935-5a5264e3cc0a,25be1cbb-af76-44ea-8ff3-074799790dce,http://creativecommons.org/licenses/by/4.0/legalcode
6511037330,"Lagothrix lagothricha (Humboldt, 1812)","Lagothrix lagothricha (Humboldt, 1812)",SPECIES,,-22.904444,-43.229167,,2017-07-07T00:00,2017.0,HUMAN_OBSERVATION,ICMBio,Dados de Pesquisa SISBio,20084,Alynne da Silva Barbosa,Rio de Janeiro,,,"['GEODETIC_DATUM_INVALID', 'GEODETIC_DATUM_ASSUMED_WGS84', 'CONTINENT_DERIVED_FROM_COORDINATES', 'SCIENTIFIC_NAME_ID_NOT_FOUND', 'TAXON_ID_NOT_FOUND', 'OCCURRENCE_STATUS_INFERRED_FROM_INDIVIDUAL_COUNT']",ffe38a37-d659-4b1a-a935-5a5264e3cc0a,25be1cbb-af76-44ea-8ff3-074799790dce,http://creativecommons.org/licenses/by/4.0/legalcode
6422138508,"Lagothrix lagothricha cana (É.Geoffroy Saint-Hilaire, 1812)","Lagothrix lagothricha cana (É.Geoffroy Saint-Hilaire, 1812)",SUBSPECIES,cana,-3.677165,-59.933396,31418.0,2017-12-01T10:59,2017.0,HUMAN_OBSERVATION,iNaturalist,Observations,374635957,marcoseugenio,Amazonas,,,"['COORDINATE_ROUNDED', 'CONTINENT_DERIVED_FROM_COORDINATES', 'TAXON_ID_NOT_FOUND']",50c9509d-22c7-4a22-a47d-8c48425ef4a7,28eb1a3f-1c15-4a95-931a-4af90ecb574d,http://creativecommons.org/licenses/by-nc/4.0/legalcode
5886786675,"Lagothrix lagothricha (Humboldt, 1812)","Lagothrix lagothricha (Humboldt, 1812)",SPECIES,,-20.421944,-40.709722,,2016-05,2016.0,PRESERVED_SPECIMEN,UFES,UFES-MAM,UFES-MAM_3155,Mattheus Torrezani,Espírito Santo,Marechal Floriano,"Zoo Park da Montanha, BR 262","['COORDINATE_ROUNDED', 'GEODETIC_DATUM_ASSUMED_WGS84', 'RECORDED_DATE_INVALID', 'INSTITUTION_MATCH_NONE']",c9c064e0-10bd-4100-b84e-c3c9cdd0bc44,503e9b26-09b5-4c40-b42a-bb476319a8ad,http://creativecommons.org/licenses/by-nc/4.0/legalcode
6510194472,"Lagothrix cana (É.Geoffroy Saint-Hilaire, 1812)","Lagothrix lagothricha cana (É.Geoffroy Saint-Hilaire, 1812)",SPECIES,,-8.972944,-58.629556,,2016-11-03T00:00,2016.0,HUMAN_OBSERVATION,ICMBio,Dados de Pesquisa SISBio,22354,Renata Bocorny De Azevedo,Mato Grosso,,,"['GEODETIC_DATUM_INVALID', 'GEODETIC_DATUM_ASSUMED_WGS84', 'CONTINENT_DERIVED_FROM_COORDINATES', 'SCIENTIFIC_NAME_ID_NOT_FOUND', 'TAXON_ID_NOT_FOUND', 'OCCURRENCE_STATUS_INFERRED_FROM_INDIVIDUAL_COUNT']",ffe38a37-d659-4b1a-a935-5a5264e3cc0a,25be1cbb-af76-44ea-8ff3-074799790dce,http://creativecommons.org/licenses/by/4.0/legalcode
6511134781,"Lagothrix cana (É.Geoffroy Saint-Hilaire, 1812)","Lagothrix lagothricha cana (É.Geoffroy Saint-Hilaire, 1812)",SPECIES,,-9.035211,-58.185053,,2016-11-02T00:00,2016.0,HUMAN_OBSERVATION,ICMBio,Dados de Pesquisa SISBio,22354,Renata Bocorny De Azevedo,Mato Grosso,,,"['GEODETIC_DATUM_INVALID', 'GEODETIC_DATUM_ASSUMED_WGS84', 'CONTINENT_DERIVED_FROM_COORDINATES', 'SCIENTIFIC_NAME_ID_NOT_FOUND', 'TAXON_ID_NOT_FOUND', 'OCCURRENCE_STATUS_INFERRED_FROM_INDIVIDUAL_COUNT']",ffe38a37-d659-4b1a-a935-5a5264e3cc0a,25be1cbb-af76-44ea-8ff3-074799790dce,http://creativecommons.org/licenses/by/4.0/legalcode
6511144135,"Lagothrix cana (É.Geoffroy Saint-Hilaire, 1812)","Lagothrix lagothricha cana (É.Geoffroy Saint-Hilaire, 1812)",SPECIES,,-8.981833,-58.601928,,2016-11-02T00:00,2016.0,HUMAN_OBSERVATION,ICMBio,Dados de Pesquisa SISBio,22354,Renata Bocorny De Azevedo,Mato Grosso,,,"['GEODETIC_DATUM_INVALID', 'GEODETIC_DATUM_ASSUMED_WGS84', 'CONTINENT_DERIVED_FROM_COORDINATES', 'SCIENTIFIC_NAME_ID_NOT_FOUND', 'TAXON_ID_NOT_FOUND', 'OCCURRENCE_STATUS_INFERRED_FROM_INDIVIDUAL_COUNT']",ffe38a37-d659-4b1a-a935-5a5264e3cc0a,25be1cbb-af76-44ea-8ff3-074799790dce,http://creativecommons.org/licenses/by/4.0/legalcode
6510250822,"Lagothrix cana (É.Geoffroy Saint-Hilaire, 1812)","Lagothrix lagothricha cana (É.Geoffroy Saint-Hilaire, 1812)",SPECIES,,-10.070278,-61.9695,,2015-11-30T00:00,2015.0,HUMAN_OBSERVATION,ICMBio,Dados de Pesquisa SISBio,19637,Renata Bocorny De Azevedo,Rondônia,,,"['CONTINENT_DERIVED_FROM_COORDINATES', 'SCIENTIFIC_NAME_ID_NOT_FOUND', 'TAXON_ID_NOT_FOUND', 'OCCURRENCE_STATUS_INFERRED_FROM_INDIVIDUAL_COUNT']",ffe38a37-d659-4b1a-a935-5a5264e3cc0a,25be1cbb-af76-44ea-8ff3-074799790dce,http://creativecommons.org/licenses/by/4.0/legalcode
6510292940,"Lagothrix cana (É.Geoffroy Saint-Hilaire, 1812)","Lagothrix lagothricha cana (É.Geoffroy Saint-Hilaire, 1812)",SPECIES,,-9.557019,-61.604183,,2015-11-30T00:00,2015.0,HUMAN_OBSERVATION,ICMBio,Dados de Pesquisa SISBio,19637,Renata Bocorny De Azevedo,Rondônia,,,"['CONTINENT_DERIVED_FROM_COORDINATES', 'SCIENTIFIC_NAME_ID_NOT_FOUND', 'TAXON_ID_NOT_FOUND', 'OCCURRENCE_STATUS_INFERRED_FROM_INDIVIDUAL_COUNT']",ffe38a37-d659-4b1a-a935-5a5264e3cc0a,25be1cbb-af76-44ea-8ff3-074799790dce,http://creativecommons.org/licenses/by/4.0/legalcode
6510433982,"Lagothrix cana (É.Geoffroy Saint-Hilaire, 1812)","Lagothrix lagothricha cana (É.Geoffroy Saint-Hilaire, 1812)",SPECIES,,-10.070072,-61.969436,,2015-11-30T00:00,2015.0,HUMAN_OBSERVATION,ICMBio,Dados de Pesquisa SISBio,19637,Renata Bocorny De Azevedo,Rondônia,,,"['CONTINENT_DERIVED_FROM_COORDINATES', 'SCIENTIFIC_NAME_ID_NOT_FOUND', 'TAXON_ID_NOT_FOUND', 'OCCURRENCE_STATUS_INFERRED_FROM_INDIVIDUAL_COUNT']",ffe38a37-d659-4b1a-a935-5a5264e3cc0a,25be1cbb-af76-44ea-8ff3-074799790dce,http://creativecommons.org/licenses/by/4.0/legalcode
6511175465,"Lagothrix cana (É.Geoffroy Saint-Hilaire, 1812)","Lagothrix lagothricha cana (É.Geoffroy Saint-Hilaire, 1812)",SPECIES,,-10.062917,-61.960194,,2015-11-30T00:00,2015.0,HUMAN_OBSERVATION,ICMBio,Dados de Pesquisa SISBio,19637,Renata Bocorny De Azevedo,Rondônia,,,"['CONTINENT_DERIVED_FROM_COORDINATES', 'SCIENTIFIC_NAME_ID_NOT_FOUND', 'TAXON_ID_NOT_FOUND', 'OCCURRENCE_STATUS_INFERRED_FROM_INDIVIDUAL_COUNT']",ffe38a37-d659-4b1a-a935-5a5264e3cc0a,25be1cbb-af76-44ea-8ff3-074799790dce,http://creativecommons.org/licenses/by/4.0/legalcode
6511184503,"Lagothrix cana (É.Geoffroy Saint-Hilaire, 1812)","Lagothrix lagothricha cana (É.Geoffroy Saint-Hilaire, 1812)",SPECIES,,-10.122558,-61.902792,,2015-11-30T00:00,2015.0,HUMAN_OBSERVATION,ICMBio,Dados de Pesquisa SISBio,19637,Renata Bocorny De Azevedo,Rondônia,,,"['CONTINENT_DERIVED_FROM_COORDINATES', 'SCIENTIFIC_NAME_ID_NOT_FOUND', 'TAXON_ID_NOT_FOUND', 'OCCURRENCE_STATUS_INFERRED_FROM_INDIVIDUAL_COUNT']",ffe38a37-d659-4b1a-a935-5a5264e3cc0a,25be1cbb-af76-44ea-8ff3-074799790dce,http://creativecommons.org/licenses/by/4.0/legalcode
6511243684,"Lagothrix cana (É.Geoffroy Saint-Hilaire, 1812)","Lagothrix lagothricha cana (É.Geoffroy Saint-Hilaire, 1812)",SPECIES,,-9.4735,-61.6665,,2015-11-30T00:00,2015.0,HUMAN_OBSERVATION,ICMBio,Dados de Pesquisa SISBio,19637,Renata Bocorny De Azevedo,Rondônia,,,"['CONTINENT_DERIVED_FROM_COORDINATES', 'SCIENTIFIC_NAME_ID_NOT_FOUND', 'TAXON_ID_NOT_FOUND', 'OCCURRENCE_STATUS_INFERRED_FROM_INDIVIDUAL_COUNT']",ffe38a37-d659-4b1a-a935-5a5264e3cc0a,25be1cbb-af76-44ea-8ff3-074799790dce,http://creativecommons.org/licenses/by/4.0/legalcode
6510673610,"Lagothrix cana (É.Geoffroy Saint-Hilaire, 1812)","Lagothrix lagothricha cana (É.Geoffroy Saint-Hilaire, 1812)",SPECIES,,-3.401333,-64.899639,,2014-08-02T00:00,2014.0,HUMAN_OBSERVATION,ICMBio,Dados de Pesquisa SISBio,5310,Marcos De Souza Fialho,Amazonas,,,"['GEODETIC_DATUM_INVALID', 'GEODETIC_DATUM_ASSUMED_WGS84', 'CONTINENT_DERIVED_FROM_COORDINATES', 'SCIENTIFIC_NAME_ID_NOT_FOUND', 'TAXON_ID_NOT_FOUND', 'OCCURRENCE_STATUS_INFERRED_FROM_INDIVIDUAL_COUNT']",ffe38a37-d659-4b1a-a935-5a5264e3cc0a,25be1cbb-af76-44ea-8ff3-074799790dce,http://creativecommons.org/licenses/by/4.0/legalcode
6511314770,"Lagothrix cana (É.Geoffroy Saint-Hilaire, 1812)","Lagothrix lagothricha cana (É.Geoffroy Saint-Hilaire, 1812)",SPECIES,,-1.846111,-69.024722,,2014-09-01T00:00,2014.0,HUMAN_OBSERVATION,ICMBio,Dados de Pesquisa SISBio,10188,JEAN PHILIPPE BOUBLI,Amazonas,,,"['CONTINENT_DERIVED_FROM_COORDINATES', 'SCIENTIFIC_NAME_ID_NOT_FOUND', 'TAXON_ID_NOT_FOUND', 'OCCURRENCE_STATUS_INFERRED_FROM_INDIVIDUAL_COUNT']",ffe38a37-d659-4b1a-a935-5a5264e3cc0a,25be1cbb-af76-44ea-8ff3-074799790dce,http://creativecommons.org/licenses/by/4.0/legalcode
6510328336,"Lagothrix cana (É.Geoffroy Saint-Hilaire, 1812)","Lagothrix lagothricha cana (É.Geoffroy Saint-Hilaire, 1812)",SPECIES,,-9.402028,-65.077028,,2014-11-18T00:00,2014.0,HUMAN_OBSERVATION,ICMBio,Dados de Pesquisa SISBio,17416,Gerson Buss,Rondônia,,,"['CONTINENT_DERIVED_FROM_COORDINATES', 'SCIENTIFIC_NAME_ID_NOT_FOUND', 'TAXON_ID_NOT_FOUND', 'OCCURRENCE_STATUS_INFERRED_FROM_INDIVIDUAL_COUNT']",ffe38a37-d659-4b1a-a935-5a5264e3cc0a,25be1cbb-af76-44ea-8ff3-074799790dce,http://creativecommons.org/licenses/by/4.0/legalcode
6511158011,"Lagothrix lagothricha (Humboldt, 1812)","Lagothrix lagothricha (Humboldt, 1812)",SPECIES,,-21.263781,-48.322678,,2013-04-02T00:00,2013.0,HUMAN_OBSERVATION,ICMBio,Dados de Pesquisa SISBio,8664,ELIANE DE SOUSA,São Paulo,,,"['GEODETIC_DATUM_INVALID', 'GEODETIC_DATUM_ASSUMED_WGS84', 'CONTINENT_DERIVED_FROM_COORDINATES', 'SCIENTIFIC_NAME_ID_NOT_FOUND', 'TAXON_ID_NOT_FOUND', 'OCCURRENCE_STATUS_INFERRED_FROM_INDIVIDUAL_COUNT']",ffe38a37-d659-4b1a-a935-5a5264e3cc0a,25be1cbb-af76-44ea-8ff3-074799790dce,http://creativecommons.org/licenses/by/4.0/legalcode
6510479472,"Lagothrix lagothricha (Humboldt, 1812)","Lagothrix lagothricha (Humboldt, 1812)",SPECIES,,-23.651944,-46.617778,,2013-05-02T00:00,2013.0,HUMAN_OBSERVATION,ICMBio,Dados de Pesquisa SISBio,15944,Karin Kirchgatter,São Paulo,,,"['CONTINENT_DERIVED_FROM_COORDINATES', 'SCIENTIFIC_NAME_ID_NOT_FOUND', 'TAXON_ID_NOT_FOUND', 'OCCURRENCE_STATUS_INFERRED_FROM_INDIVIDUAL_COUNT']",ffe38a37-d659-4b1a-a935-5a5264e3cc0a,25be1cbb-af76-44ea-8ff3-074799790dce,http://creativecommons.org/licenses/by/4.0/legalcode
6510177625,"Lagothrix lagothricha (Humboldt, 1812)","Lagothrix lagothricha (Humboldt, 1812)",SPECIES,,-26.73885,-49.178933,,2012-02-20T00:00,2012.0,HUMAN_OBSERVATION,ICMBio,Dados de Pesquisa SISBio,10990,Daniela Pedrassani,Santa Catarina,,,"['CONTINENT_DERIVED_FROM_COORDINATES', 'SCIENTIFIC_NAME_ID_NOT_FOUND', 'TAXON_ID_NOT_FOUND', 'OCCURRENCE_STATUS_INFERRED_FROM_INDIVIDUAL_COUNT']",ffe38a37-d659-4b1a-a935-5a5264e3cc0a,25be1cbb-af76-44ea-8ff3-074799790dce,http://creativecommons.org/licenses/by/4.0/legalcode
6510128870,"Lagothrix cana (É.Geoffroy Saint-Hilaire, 1812)","Lagothrix lagothricha cana (É.Geoffroy Saint-Hilaire, 1812)",SPECIES,,-13.4989,-60.286289,,2012-05-07T00:00,2012.0,HUMAN_OBSERVATION,ICMBio,Dados de Pesquisa SISBio,10729,Mariluce Rezende Messias,Mato Grosso,,,"['CONTINENT_DERIVED_FROM_COORDINATES', 'SCIENTIFIC_NAME_ID_NOT_FOUND', 'TAXON_ID_NOT_FOUND', 'OCCURRENCE_STATUS_INFERRED_FROM_INDIVIDUAL_COUNT']",ffe38a37-d659-4b1a-a935-5a5264e3cc0a,25be1cbb-af76-44ea-8ff3-074799790dce,http://creativecommons.org/licenses/by/4.0/legalcode
6510994417,"Lagothrix cana (É.Geoffroy Saint-Hilaire, 1812)","Lagothrix lagothricha cana (É.Geoffroy Saint-Hilaire, 1812)",SPECIES,,-13.528472,-60.434417,,2012-05-08T00:00,2012.0,HUMAN_OBSERVATION,ICMBio,Dados de Pesquisa SISBio,6818,Mariluce Rezende Messias,Mato Grosso,,,"['GEODETIC_DATUM_INVALID', 'GEODETIC_DATUM_ASSUMED_WGS84', 'CONTINENT_DERIVED_FROM_COORDINATES', 'SCIENTIFIC_NAME_ID_NOT_FOUND', 'TAXON_ID_NOT_FOUND', 'OCCURRENCE_STATUS_INFERRED_FROM_INDIVIDUAL_COUNT']",ffe38a37-d659-4b1a-a935-5a5264e3cc0a,25be1cbb-af76-44ea-8ff3-074799790dce,http://creativecommons.org/licenses/by/4.0/legalcode
2626105649,"Lagothrix lagothricha (Humboldt, 1812)","Lagothrix lagothricha (Humboldt, 1812)",SPECIES,,-3.007984,-60.148389,31428.0,2012-06-16T07:13,2012.0,HUMAN_OBSERVATION,iNaturalist,Observations,43166095,scottisom,Amazonas,,,"['COORDINATE_ROUNDED', 'CONTINENT_DERIVED_FROM_COORDINATES', 'TAXON_ID_NOT_FOUND']",50c9509d-22c7-4a22-a47d-8c48425ef4a7,28eb1a3f-1c15-4a95-931a-4af90ecb574d,http://creativecommons.org/licenses/by-nc/4.0/legalcode
6510145772,"Lagothrix cana (É.Geoffroy Saint-Hilaire, 1812)","Lagothrix lagothricha cana (É.Geoffroy Saint-Hilaire, 1812)",SPECIES,,-12.060639,-60.672583,,2011-01-26T00:00,2011.0,HUMAN_OBSERVATION,ICMBio,Dados de Pesquisa SISBio,6818,Mariluce Rezende Messias,Rondônia,,,"['GEODETIC_DATUM_INVALID', 'GEODETIC_DATUM_ASSUMED_WGS84', 'CONTINENT_DERIVED_FROM_COORDINATES', 'SCIENTIFIC_NAME_ID_NOT_FOUND', 'TAXON_ID_NOT_FOUND', 'OCCURRENCE_STATUS_INFERRED_FROM_INDIVIDUAL_COUNT']",ffe38a37-d659-4b1a-a935-5a5264e3cc0a,25be1cbb-af76-44ea-8ff3-074799790dce,http://creativecommons.org/licenses/by/4.0/legalcode
6510352893,"Lagothrix cana (É.Geoffroy Saint-Hilaire, 1812)","Lagothrix lagothricha cana (É.Geoffroy Saint-Hilaire, 1812)",SPECIES,,-11.973292,-60.698872,,2011-01-24T00:00,2011.0,HUMAN_OBSERVATION,ICMBio,Dados de Pesquisa SISBio,10729,Mariluce Rezende Messias,Rondônia,,,"['CONTINENT_DERIVED_FROM_COORDINATES', 'SCIENTIFIC_NAME_ID_NOT_FOUND', 'TAXON_ID_NOT_FOUND', 'OCCURRENCE_STATUS_INFERRED_FROM_INDIVIDUAL_COUNT']",ffe38a37-d659-4b1a-a935-5a5264e3cc0a,25be1cbb-af76-44ea-8ff3-074799790dce,http://creativecommons.org/licenses/by/4.0/legalcode
6510456961,"Lagothrix cana (É.Geoffroy Saint-Hilaire, 1812)","Lagothrix lagothricha cana (É.Geoffroy Saint-Hilaire, 1812)",SPECIES,,-9.861893,-58.2511127,,2011-02-28T00:00,2011.0,HUMAN_OBSERVATION,ICMBio,Dados de Pesquisa SISBio,4295,Rogerio Vieira Rossi,Mato Grosso,,,"['COORDINATE_REPROJECTED', 'CONTINENT_DERIVED_FROM_COORDINATES', 'SCIENTIFIC_NAME_ID_NOT_FOUND', 'TAXON_ID_NOT_FOUND', 'OCCURRENCE_STATUS_INFERRED_FROM_INDIVIDUAL_COUNT']",ffe38a37-d659-4b1a-a935-5a5264e3cc0a,25be1cbb-af76-44ea-8ff3-074799790dce,http://creativecommons.org/licenses/by/4.0/legalcode
1147132587,"Lagothrix lagothricha (Humboldt, 1812)","Lagothrix lagothricha (Humboldt, 1812)",SPECIES,,-7.6375,-58.236944,,2011-07-27,2011.0,MACHINE_OBSERVATION,CLO,ML,165727,Michael G Harvey,Amazonas,,left bank Rio Juruena; 30 km SSW Barra de Sao Manoel,['COORDINATE_ROUNDED'],7f6dd0f7-9ed4-49c0-bb71-b2a9c7fed9f1,e2e717bf-551a-4917-bdc9-4fa0f342c530,http://creativecommons.org/publicdomain/zero/1.0/legalcode
6511049937,"Lagothrix cana (É.Geoffroy Saint-Hilaire, 1812)","Lagothrix lagothricha cana (É.Geoffroy Saint-Hilaire, 1812)",SPECIES,,-3.516667,-64.966667,,2011-07-25T00:00,2011.0,HUMAN_OBSERVATION,ICMBio,Dados de Pesquisa SISBio,5310,Marcos De Souza Fialho,Amazonas,,,"['GEODETIC_DATUM_INVALID', 'GEODETIC_DATUM_ASSUMED_WGS84', 'CONTINENT_DERIVED_FROM_COORDINATES', 'SCIENTIFIC_NAME_ID_NOT_FOUND', 'TAXON_ID_NOT_FOUND', 'OCCURRENCE_STATUS_INFERRED_FROM_INDIVIDUAL_COUNT']",ffe38a37-d659-4b1a-a935-5a5264e3cc0a,25be1cbb-af76-44ea-8ff3-074799790dce,http://creativecommons.org/licenses/by/4.0/legalcode
6510849059,"Lagothrix cana (É.Geoffroy Saint-Hilaire, 1812)","Lagothrix lagothricha cana (É.Geoffroy Saint-Hilaire, 1812)",SPECIES,,-12.0040963,-60.6681428,,2011-08-01T00:00,2011.0,HUMAN_OBSERVATION,ICMBio,Dados de Pesquisa SISBio,10729,Mariluce Rezende Messias,Rondônia,,,"['COORDINATE_REPROJECTED', 'CONTINENT_DERIVED_FROM_COORDINATES', 'SCIENTIFIC_NAME_ID_NOT_FOUND', 'TAXON_ID_NOT_FOUND', 'OCCURRENCE_STATUS_INFERRED_FROM_INDIVIDUAL_COUNT']",ffe38a37-d659-4b1a-a935-5a5264e3cc0a,25be1cbb-af76-44ea-8ff3-074799790dce,http://creativecommons.org/licenses/by/4.0/legalcode
6511151810,"Lagothrix cana (É.Geoffroy Saint-Hilaire, 1812)","Lagothrix lagothricha cana (É.Geoffroy Saint-Hilaire, 1812)",SPECIES,,-10.460917,-60.961944,,2011-08-02T00:00,2011.0,HUMAN_OBSERVATION,ICMBio,Dados de Pesquisa SISBio,7959,ANA CRISTINA MENDES DE OLIVEIRA,Mato Grosso,,,"['GEODETIC_DATUM_INVALID', 'GEODETIC_DATUM_ASSUMED_WGS84', 'CONTINENT_DERIVED_FROM_COORDINATES', 'SCIENTIFIC_NAME_ID_NOT_FOUND', 'TAXON_ID_NOT_FOUND', 'OCCURRENCE_STATUS_INFERRED_FROM_INDIVIDUAL_COUNT']",ffe38a37-d659-4b1a-a935-5a5264e3cc0a,25be1cbb-af76-44ea-8ff3-074799790dce,http://creativecommons.org/licenses/by/4.0/legalcode
6510933643,"Lagothrix cana (É.Geoffroy Saint-Hilaire, 1812)","Lagothrix lagothricha cana (É.Geoffroy Saint-Hilaire, 1812)",SPECIES,,-8.027778,-68.069167,,2011-09-01T00:00,2011.0,HUMAN_OBSERVATION,ICMBio,Dados de Pesquisa SISBio,5310,Marcos De Souza Fialho,Amazonas,,,"['GEODETIC_DATUM_INVALID', 'GEODETIC_DATUM_ASSUMED_WGS84', 'CONTINENT_DERIVED_FROM_COORDINATES', 'SCIENTIFIC_NAME_ID_NOT_FOUND', 'TAXON_ID_NOT_FOUND', 'OCCURRENCE_STATUS_INFERRED_FROM_INDIVIDUAL_COUNT']",ffe38a37-d659-4b1a-a935-5a5264e3cc0a,25be1cbb-af76-44ea-8ff3-074799790dce,http://creativecommons.org/licenses/by/4.0/legalcode
6510166855,"Lagothrix cana (É.Geoffroy Saint-Hilaire, 1812)","Lagothrix lagothricha cana (É.Geoffroy Saint-Hilaire, 1812)",SPECIES,,-8.703722,-62.320117,,2011-11-14T00:00,2011.0,HUMAN_OBSERVATION,ICMBio,Dados de Pesquisa SISBio,6818,Mariluce Rezende Messias,Rondônia,,,"['GEODETIC_DATUM_INVALID', 'GEODETIC_DATUM_ASSUMED_WGS84', 'CONTINENT_DERIVED_FROM_COORDINATES', 'SCIENTIFIC_NAME_ID_NOT_FOUND', 'TAXON_ID_NOT_FOUND', 'OCCURRENCE_STATUS_INFERRED_FROM_INDIVIDUAL_COUNT']",ffe38a37-d659-4b1a-a935-5a5264e3cc0a,25be1cbb-af76-44ea-8ff3-074799790dce,http://creativecommons.org/licenses/by/4.0/legalcode
6511216306,"Lagothrix cana (É.Geoffroy Saint-Hilaire, 1812)","Lagothrix lagothricha cana (É.Geoffroy Saint-Hilaire, 1812)",SPECIES,,-8.6438819,-62.3666977,,2011-11-13T00:00,2011.0,HUMAN_OBSERVATION,ICMBio,Dados de Pesquisa SISBio,10729,Mariluce Rezende Messias,Rondônia,,,"['COORDINATE_REPROJECTED', 'CONTINENT_DERIVED_FROM_COORDINATES', 'SCIENTIFIC_NAME_ID_NOT_FOUND', 'TAXON_ID_NOT_FOUND', 'OCCURRENCE_STATUS_INFERRED_FROM_INDIVIDUAL_COUNT']",ffe38a37-d659-4b1a-a935-5a5264e3cc0a,25be1cbb-af76-44ea-8ff3-074799790dce,http://creativecommons.org/licenses/by/4.0/legalcode
6510407904,"Lagothrix cana (É.Geoffroy Saint-Hilaire, 1812)","Lagothrix lagothricha cana (É.Geoffroy Saint-Hilaire, 1812)",SPECIES,,-8.198528,-64.058556,,2011-12-12T00:00,2011.0,HUMAN_OBSERVATION,ICMBio,Dados de Pesquisa SISBio,6818,Mariluce Rezende Messias,Amazonas,,,"['GEODETIC_DATUM_INVALID', 'GEODETIC_DATUM_ASSUMED_WGS84', 'CONTINENT_DERIVED_FROM_COORDINATES', 'SCIENTIFIC_NAME_ID_NOT_FOUND', 'TAXON_ID_NOT_FOUND', 'OCCURRENCE_STATUS_INFERRED_FROM_INDIVIDUAL_COUNT']",ffe38a37-d659-4b1a-a935-5a5264e3cc0a,25be1cbb-af76-44ea-8ff3-074799790dce,http://creativecommons.org/licenses/by/4.0/legalcode
6511329858,"Lagothrix cana (É.Geoffroy Saint-Hilaire, 1812)","Lagothrix lagothricha cana (É.Geoffroy Saint-Hilaire, 1812)",SPECIES,,-8.2016409,-64.0594859,,2011-12-11T00:00,2011.0,HUMAN_OBSERVATION,ICMBio,Dados de Pesquisa SISBio,10729,Mariluce Rezende Messias,Amazonas,,,"['COORDINATE_REPROJECTED', 'CONTINENT_DERIVED_FROM_COORDINATES', 'SCIENTIFIC_NAME_ID_NOT_FOUND', 'TAXON_ID_NOT_FOUND', 'OCCURRENCE_STATUS_INFERRED_FROM_INDIVIDUAL_COUNT']",ffe38a37-d659-4b1a-a935-5a5264e3cc0a,25be1cbb-af76-44ea-8ff3-074799790dce,http://creativecommons.org/licenses/by/4.0/legalcode
4102650222,"Lagothrix lagothricha cana (É.Geoffroy Saint-Hilaire, 1812)","Lagothrix lagothricha cana (É.Geoffroy Saint-Hilaire, 1812)",SUBSPECIES,cana,-3.602689,-59.877624,31418.0,2010-04-15T15:14,2010.0,HUMAN_OBSERVATION,iNaturalist,Observations,157359496,Dr. Alexey Yakovlev,Amazonas,,,"['COORDINATE_ROUNDED', 'CONTINENT_DERIVED_FROM_COORDINATES', 'TAXON_ID_NOT_FOUND']",50c9509d-22c7-4a22-a47d-8c48425ef4a7,28eb1a3f-1c15-4a95-931a-4af90ecb574d,http://creativecommons.org/licenses/by-nc/4.0/legalcode
4103051905,"Lagothrix lagothricha cana (É.Geoffroy Saint-Hilaire, 1812)","Lagothrix lagothricha cana (É.Geoffroy Saint-Hilaire, 1812)",SUBSPECIES,cana,-3.626309,-59.982184,31418.0,2010-04-15T09:36,2010.0,HUMAN_OBSERVATION,iNaturalist,Observations,156947049,Dr. Alexey Yakovlev,Amazonas,,,"['COORDINATE_ROUNDED', 'CONTINENT_DERIVED_FROM_COORDINATES', 'TAXON_ID_NOT_FOUND']",50c9509d-22c7-4a22-a47d-8c48425ef4a7,28eb1a3f-1c15-4a95-931a-4af90ecb574d,http://creativecommons.org/licenses/by-nc/4.0/legalcode
6510415630,"Lagothrix cana (É.Geoffroy Saint-Hilaire, 1812)","Lagothrix lagothricha cana (É.Geoffroy Saint-Hilaire, 1812)",SPECIES,,-8.888889,-63.111106,,2010-05-31T00:00,2010.0,HUMAN_OBSERVATION,ICMBio,Dados de Pesquisa SISBio,7558,Maisa da Silva Araújo,Rondônia,,,"['CONTINENT_DERIVED_FROM_COORDINATES', 'SCIENTIFIC_NAME_ID_NOT_FOUND', 'TAXON_ID_NOT_FOUND', 'OCCURRENCE_STATUS_INFERRED_FROM_INDIVIDUAL_COUNT']",ffe38a37-d659-4b1a-a935-5a5264e3cc0a,25be1cbb-af76-44ea-8ff3-074799790dce,http://creativecommons.org/licenses/by/4.0/legalcode
6510891196,"Lagothrix cana (É.Geoffroy Saint-Hilaire, 1812)","Lagothrix lagothricha cana (É.Geoffroy Saint-Hilaire, 1812)",SPECIES,,-8.888889,-63.111106,,2010-05-20T00:00,2010.0,HUMAN_OBSERVATION,ICMBio,Dados de Pesquisa SISBio,7558,Maisa da Silva Araújo,Rondônia,,,"['CONTINENT_DERIVED_FROM_COORDINATES', 'SCIENTIFIC_NAME_ID_NOT_FOUND', 'TAXON_ID_NOT_FOUND', 'OCCURRENCE_STATUS_INFERRED_FROM_INDIVIDUAL_COUNT']",ffe38a37-d659-4b1a-a935-5a5264e3cc0a,25be1cbb-af76-44ea-8ff3-074799790dce,http://creativecommons.org/licenses/by/4.0/legalcode
6511080944,"Lagothrix cana (É.Geoffroy Saint-Hilaire, 1812)","Lagothrix lagothricha cana (É.Geoffroy Saint-Hilaire, 1812)",SPECIES,,-8.888889,-63.111106,,2010-08-23T00:00,2010.0,HUMAN_OBSERVATION,ICMBio,Dados de Pesquisa SISBio,7558,Maisa da Silva Araújo,Rondônia,,,"['CONTINENT_DERIVED_FROM_COORDINATES', 'SCIENTIFIC_NAME_ID_NOT_FOUND', 'TAXON_ID_NOT_FOUND', 'OCCURRENCE_STATUS_INFERRED_FROM_INDIVIDUAL_COUNT']",ffe38a37-d659-4b1a-a935-5a5264e3cc0a,25be1cbb-af76-44ea-8ff3-074799790dce,http://creativecommons.org/licenses/by/4.0/legalcode
6188501094,"Lagothrix lagothricha cana (É.Geoffroy Saint-Hilaire, 1812)","Lagothrix lagothricha cana (É.Geoffroy Saint-Hilaire, 1812)",SUBSPECIES,cana,-11.569479,-58.76833,31137.0,2010-10-30T09:11,2010.0,HUMAN_OBSERVATION,iNaturalist,Observations,346688486,Bioedilson,Mato Grosso,,,"['COORDINATE_ROUNDED', 'CONTINENT_DERIVED_FROM_COORDINATES', 'TAXON_ID_NOT_FOUND']",50c9509d-22c7-4a22-a47d-8c48425ef4a7,28eb1a3f-1c15-4a95-931a-4af90ecb574d,http://creativecommons.org/licenses/by-nc/4.0/legalcode
3988788582,"Lagothrix lagothricha cana (É.Geoffroy Saint-Hilaire, 1812)","Lagothrix lagothricha cana (É.Geoffroy Saint-Hilaire, 1812)",SUBSPECIES,cana,-11.064869,-61.273068,31158.0,2009-05-23T10:58,2009.0,HUMAN_OBSERVATION,iNaturalist,Observations,139020908,Paulo Henrique Bonavigo,Rondônia,,,"['COORDINATE_ROUNDED', 'CONTINENT_DERIVED_FROM_COORDINATES', 'TAXON_ID_NOT_FOUND']",50c9509d-22c7-4a22-a47d-8c48425ef4a7,28eb1a3f-1c15-4a95-931a-4af90ecb574d,http://creativecommons.org/licenses/by-nc/4.0/legalcode
6510868958,"Lagothrix cana (É.Geoffroy Saint-Hilaire, 1812)","Lagothrix lagothricha cana (É.Geoffroy Saint-Hilaire, 1812)",SPECIES,,-8.7346,-63.876464,,2009-06-12T00:00,2009.0,HUMAN_OBSERVATION,ICMBio,Dados de Pesquisa SISBio,7558,Maisa da Silva Araújo,Rondônia,,,"['CONTINENT_DERIVED_FROM_COORDINATES', 'SCIENTIFIC_NAME_ID_NOT_FOUND', 'TAXON_ID_NOT_FOUND', 'OCCURRENCE_STATUS_INFERRED_FROM_INDIVIDUAL_COUNT']",ffe38a37-d659-4b1a-a935-5a5264e3cc0a,25be1cbb-af76-44ea-8ff3-074799790dce,http://creativecommons.org/licenses/by/4.0/legalcode
4075818316,"Lagothrix lagothricha (Humboldt, 1812)","Lagothrix lagothricha (Humboldt, 1812)",SPECIES,,-2.647876,-60.607374,31434.0,2009-08-03T05:10,2009.0,HUMAN_OBSERVATION,iNaturalist,Observations,152128883,jpbuenorodrigues,Amazonas,,,"['COORDINATE_ROUNDED', 'CONTINENT_DERIVED_FROM_COORDINATES', 'TAXON_ID_NOT_FOUND']",50c9509d-22c7-4a22-a47d-8c48425ef4a7,28eb1a3f-1c15-4a95-931a-4af90ecb574d,http://creativecommons.org/licenses/by-nc/4.0/legalcode
5995533689,"Lagothrix lagothricha cana (É.Geoffroy Saint-Hilaire, 1812)","Lagothrix lagothricha cana (É.Geoffroy Saint-Hilaire, 1812)",SUBSPECIES,cana,-6.98,-58.36,,2008-03-11,2008.0,HUMAN_OBSERVATION,,Wildlife sounds - Land mammals,XC959854,Dante Buzzetti,,,"Rio Tapajós, Apuí, Amazonas",['CONTINENT_DERIVED_FROM_COORDINATES'],80f94317-a61f-477f-af06-037632ad6e3b,1f00d75c-f6fc-4224-a595-975e82d7689c,http://creativecommons.org/licenses/by-nc/4.0/legalcode
6510835024,"Lagothrix lagothricha (Humboldt, 1812)","Lagothrix lagothricha (Humboldt, 1812)",SPECIES,,-12.968592,-38.500106,,2008-11-19T00:00,2008.0,HUMAN_OBSERVATION,ICMBio,Dados de Pesquisa SISBio,3693,MARTA ADAMI,Bahia,,,"['CONTINENT_DERIVED_FROM_COORDINATES', 'SCIENTIFIC_NAME_ID_NOT_FOUND', 'TAXON_ID_NOT_FOUND', 'OCCURRENCE_STATUS_INFERRED_FROM_INDIVIDUAL_COUNT']",ffe38a37-d659-4b1a-a935-5a5264e3cc0a,25be1cbb-af76-44ea-8ff3-074799790dce,http://creativecommons.org/licenses/by/4.0/legalcode
6511118688,"Lagothrix cana (É.Geoffroy Saint-Hilaire, 1812)","Lagothrix lagothricha cana (É.Geoffroy Saint-Hilaire, 1812)",SPECIES,,-8.779392,-60.470017,,2008-11-03T00:00,2008.0,HUMAN_OBSERVATION,ICMBio,Dados de Pesquisa SISBio,6421,Daniel Pereira Munari,Amazonas,,,"['GEODETIC_DATUM_INVALID', 'GEODETIC_DATUM_ASSUMED_WGS84', 'CONTINENT_DERIVED_FROM_COORDINATES', 'SCIENTIFIC_NAME_ID_NOT_FOUND', 'TAXON_ID_NOT_FOUND', 'OCCURRENCE_STATUS_INFERRED_FROM_INDIVIDUAL_COUNT']",ffe38a37-d659-4b1a-a935-5a5264e3cc0a,25be1cbb-af76-44ea-8ff3-074799790dce,http://creativecommons.org/licenses/by/4.0/legalcode
1316534072,"Lagothrix lagothricha lagothricha (Humboldt, 1812)","Lagothrix lagothricha lagothricha (Humboldt, 1812)",SUBSPECIES,lagothricha,1.075278,-69.513611,,2007,2007.0,HUMAN_OBSERVATION,ANDES,ANDES-PRIMATES,Primates267,Pablo R. Stevenson,Alto Río Negro,,,['COORDINATE_ROUNDED'],e307fa47-ae87-4fc9-a1a5-b1415adac8be,76513b28-548d-480a-8859-bd7f45f8724b,http://creativecommons.org/licenses/by-nc/4.0/legalcode
5995532081,"Lagothrix lagothricha cana (É.Geoffroy Saint-Hilaire, 1812)","Lagothrix lagothricha cana (É.Geoffroy Saint-Hilaire, 1812)",SUBSPECIES,cana,-10.1904,-61.5721,,2006-09-15,2006.0,HUMAN_OBSERVATION,,Wildlife sounds - Land mammals,XC959836,Dante Buzzetti,,,"Reserva Biológica do Jarú, Ji-Paraná, Rondônia",['CONTINENT_DERIVED_FROM_COORDINATES'],80f94317-a61f-477f-af06-037632ad6e3b,1f00d75c-f6fc-4224-a595-975e82d7689c,http://creativecommons.org/licenses/by-nc/4.0/legalcode
5995532814,"Lagothrix lagothricha cana (É.Geoffroy Saint-Hilaire, 1812)","Lagothrix lagothricha cana (É.Geoffroy Saint-Hilaire, 1812)",SUBSPECIES,cana,-10.1904,-61.5721,,2006-09-15,2006.0,HUMAN_OBSERVATION,,Wildlife sounds - Land mammals,XC959835,Dante Buzzetti,,,"Reserva Biológica do Jarú, Ji-Paraná, Rondônia",['CONTINENT_DERIVED_FROM_COORDINATES'],80f94317-a61f-477f-af06-037632ad6e3b,1f00d75c-f6fc-4224-a595-975e82d7689c,http://creativecommons.org/licenses/by-nc/4.0/legalcode
5146977360,"Lagothrix lagothricha (Humboldt, 1812)","Lagothrix lagothricha (Humboldt, 1812)",SPECIES,,-6.583333,-68.9,500.0,1991-11-08,1991.0,PRESERVED_SPECIMEN,MVZ,Mammalogy,MVZ:Mamm:193679,Collector(s): James L. Patton,Amazonas,,"Altamira, right bank Rio Juruá","['COORDINATE_ROUNDED', 'CONTINENT_DERIVED_FROM_COORDINATES', 'INSTITUTION_MATCH_FUZZY', 'INSTITUTION_COLLECTION_MISMATCH']",0daed095-478a-4af6-abf5-18acb790fbb2,8edbbde0-055e-11d8-b850-b8a03c50a862,http://creativecommons.org/publicdomain/zero/1.0/legalcode
5146977361,"Lagothrix lagothricha (Humboldt, 1812)","Lagothrix lagothricha (Humboldt, 1812)",SPECIES,,-6.583333,-68.9,500.0,1991-11-08,1991.0,PRESERVED_SPECIMEN,MVZ,Mammalogy,MVZ:Mamm:193682,Collector(s): James L. Patton,Amazonas,,"Altamira, right bank Rio Juruá","['COORDINATE_ROUNDED', 'CONTINENT_DERIVED_FROM_COORDINATES', 'INSTITUTION_MATCH_FUZZY', 'INSTITUTION_COLLECTION_MISMATCH']",0daed095-478a-4af6-abf5-18acb790fbb2,8edbbde0-055e-11d8-b850-b8a03c50a862,http://creativecommons.org/publicdomain/zero/1.0/legalcode
5147214363,"Lagothrix lagothricha (Humboldt, 1812)","Lagothrix lagothricha (Humboldt, 1812)",SPECIES,,-6.583333,-68.9,500.0,1991-11-11,1991.0,PRESERVED_SPECIMEN,MVZ,Mammalogy,MVZ:Mamm:193677,Collector(s): Maria Nazareth F. da Silva,Amazonas,,"Altamira, right bank Rio Juruá","['COORDINATE_ROUNDED', 'CONTINENT_DERIVED_FROM_COORDINATES', 'INSTITUTION_MATCH_FUZZY', 'INSTITUTION_COLLECTION_MISMATCH']",0daed095-478a-4af6-abf5-18acb790fbb2,8edbbde0-055e-11d8-b850-b8a03c50a862,http://creativecommons.org/publicdomain/zero/1.0/legalcode
5147214364,"Lagothrix lagothricha (Humboldt, 1812)","Lagothrix lagothricha (Humboldt, 1812)",SPECIES,,-6.583333,-68.9,500.0,1991-11-08,1991.0,PRESERVED_SPECIMEN,MVZ,Mammalogy,MVZ:Mamm:193680,Collector(s): James L. Patton,Amazonas,,"Altamira, right bank Rio Juruá","['COORDINATE_ROUNDED', 'CONTINENT_DERIVED_FROM_COORDINATES', 'INSTITUTION_MATCH_FUZZY', 'INSTITUTION_COLLECTION_MISMATCH']",0daed095-478a-4af6-abf5-18acb790fbb2,8edbbde0-055e-11d8-b850-b8a03c50a862,http://creativecommons.org/publicdomain/zero/1.0/legalcode
5147337363,"Lagothrix lagothricha (Humboldt, 1812)","Lagothrix lagothricha (Humboldt, 1812)",SPECIES,,-6.583333,-68.9,500.0,1991-11-08,1991.0,PRESERVED_SPECIMEN,MVZ,Mammalogy,MVZ:Mamm:193678,Collector(s): James L. Patton,Amazonas,,"Altamira, right bank Rio Juruá","['COORDINATE_ROUNDED', 'CONTINENT_DERIVED_FROM_COORDINATES', 'INSTITUTION_MATCH_FUZZY', 'INSTITUTION_COLLECTION_MISMATCH']",0daed095-478a-4af6-abf5-18acb790fbb2,8edbbde0-055e-11d8-b850-b8a03c50a862,http://creativecommons.org/publicdomain/zero/1.0/legalcode
5147337364,"Lagothrix lagothricha (Humboldt, 1812)","Lagothrix lagothricha (Humboldt, 1812)",SPECIES,,-6.583333,-68.9,500.0,1991-11-08,1991.0,PRESERVED_SPECIMEN,MVZ,Mammalogy,MVZ:Mamm:193681,Collector(s): James L. Patton,Amazonas,,"Altamira, right bank Rio Juruá","['COORDINATE_ROUNDED', 'CONTINENT_DERIVED_FROM_COORDINATES', 'INSTITUTION_MATCH_FUZZY', 'INSTITUTION_COLLECTION_MISMATCH']",0daed095-478a-4af6-abf5-18acb790fbb2,8edbbde0-055e-11d8-b850-b8a03c50a862,http://creativecommons.org/publicdomain/zero/1.0/legalcode
1147066686,"Lagothrix lagothricha (Humboldt, 1812)","Lagothrix lagothricha (Humboldt, 1812)",SPECIES,,-5.5,-69.5,,1984-12-22,1984.0,MACHINE_OBSERVATION,CLO,ML,35000,Richard O Bierregaard,Amazonas,,Benjamin Constant,[],7f6dd0f7-9ed4-49c0-bb71-b2a9c7fed9f1,e2e717bf-551a-4917-bdc9-4fa0f342c530,http://creativecommons.org/publicdomain/zero/1.0/legalcode
1321741462,"Lagothrix lagothricha (Humboldt, 1812)","Lagothrix lagothricha (Humboldt, 1812)",SPECIES,,-9.17,-60.63,,1975-06-05,1975.0,PRESERVED_SPECIMEN,USNM,MAMM,USNM 545883,,Mato Grosso,,Aripuana,"['GEODETIC_DATUM_ASSUMED_WGS84', 'OCCURRENCE_STATUS_INFERRED_FROM_INDIVIDUAL_COUNT']",821cc27a-e3bb-4bc5-ac34-89ada245069d,bc092ff0-02e4-11dc-991f-b8a03c50a862,http://creativecommons.org/publicdomain/zero/1.0/legalcode
1318548009,"Lagothrix lagothricha (Humboldt, 1812)","Lagothrix lagothricha (Humboldt, 1812)",SPECIES,,-9.17,-60.63,,1975-11-19,1975.0,PRESERVED_SPECIMEN,USNM,MAMM,USNM 545887,,Mato Grosso,,Aripuana,"['GEODETIC_DATUM_ASSUMED_WGS84', 'OCCURRENCE_STATUS_INFERRED_FROM_INDIVIDUAL_COUNT']",821cc27a-e3bb-4bc5-ac34-89ada245069d,bc092ff0-02e4-11dc-991f-b8a03c50a862,http://creativecommons.org/publicdomain/zero/1.0/legalcode
1319424519,"Lagothrix lagothricha (Humboldt, 1812)","Lagothrix lagothricha (Humboldt, 1812)",SPECIES,,-9.17,-60.63,,1975-11-15,1975.0,PRESERVED_SPECIMEN,USNM,MAMM,USNM 545885,,Mato Grosso,,Aripuana,"['GEODETIC_DATUM_ASSUMED_WGS84', 'OCCURRENCE_STATUS_INFERRED_FROM_INDIVIDUAL_COUNT']",821cc27a-e3bb-4bc5-ac34-89ada245069d,bc092ff0-02e4-11dc-991f-b8a03c50a862,http://creativecommons.org/publicdomain/zero/1.0/legalcode
1320763077,"Lagothrix lagothricha (Humboldt, 1812)","Lagothrix lagothricha (Humboldt, 1812)",SPECIES,,-9.17,-60.63,,1975-11-17,1975.0,PRESERVED_SPECIMEN,USNM,MAMM,USNM 545886,,Mato Grosso,,Aripuana,"['GEODETIC_DATUM_ASSUMED_WGS84', 'OCCURRENCE_STATUS_INFERRED_FROM_INDIVIDUAL_COUNT']",821cc27a-e3bb-4bc5-ac34-89ada245069d,bc092ff0-02e4-11dc-991f-b8a03c50a862,http://creativecommons.org/publicdomain/zero/1.0/legalcode
1321332045,"Lagothrix lagothricha (Humboldt, 1812)","Lagothrix lagothricha (Humboldt, 1812)",SPECIES,,-5.67,-56.75,,1975-11-10,1975.0,PRESERVED_SPECIMEN,USNM,MAMM,USNM 545890,,Para,,"Itaituba, Transamazonica Hwy., Itaituba-Jacareacanga Km. 212","['GEODETIC_DATUM_ASSUMED_WGS84', 'OCCURRENCE_STATUS_INFERRED_FROM_INDIVIDUAL_COUNT']",821cc27a-e3bb-4bc5-ac34-89ada245069d,bc092ff0-02e4-11dc-991f-b8a03c50a862,http://creativecommons.org/publicdomain/zero/1.0/legalcode
1321887181,"Lagothrix lagothricha (Humboldt, 1812)","Lagothrix lagothricha (Humboldt, 1812)",SPECIES,,-9.17,-60.63,,1975-11-11,1975.0,PRESERVED_SPECIMEN,USNM,MAMM,USNM 545884,,Mato Grosso,,Aripuana,"['GEODETIC_DATUM_ASSUMED_WGS84', 'OCCURRENCE_STATUS_INFERRED_FROM_INDIVIDUAL_COUNT']",821cc27a-e3bb-4bc5-ac34-89ada245069d,bc092ff0-02e4-11dc-991f-b8a03c50a862,http://creativecommons.org/publicdomain/zero/1.0/legalcode
1318116814,"Lagothrix lagothricha (Humboldt, 1812)","Lagothrix lagothricha (Humboldt, 1812)",SPECIES,,-9.17,-60.63,,1975-12-01,1975.0,PRESERVED_SPECIMEN,USNM,MAMM,USNM 545888,,Mato Grosso,,Aripuana,"['GEODETIC_DATUM_ASSUMED_WGS84', 'OCCURRENCE_STATUS_INFERRED_FROM_INDIVIDUAL_COUNT']",821cc27a-e3bb-4bc5-ac34-89ada245069d,bc092ff0-02e4-11dc-991f-b8a03c50a862,http://creativecommons.org/publicdomain/zero/1.0/legalcode
1320490338,"Lagothrix lagothricha (Humboldt, 1812)","Lagothrix lagothricha (Humboldt, 1812)",SPECIES,,-9.17,-60.63,,1975-12-01,1975.0,PRESERVED_SPECIMEN,USNM,MAMM,USNM 545889,,Mato Grosso,,Aripuana,"['GEODETIC_DATUM_ASSUMED_WGS84', 'OCCURRENCE_STATUS_INFERRED_FROM_INDIVIDUAL_COUNT']",821cc27a-e3bb-4bc5-ac34-89ada245069d,bc092ff0-02e4-11dc-991f-b8a03c50a862,http://creativecommons.org/publicdomain/zero/1.0/legalcode
1317327021,"Lagothrix lagothricha (Humboldt, 1812)","Lagothrix lagothricha (Humboldt, 1812)",SPECIES,,-9.17,-60.63,,1974-08-15,1974.0,PRESERVED_SPECIMEN,USNM,MAMM,USNM 545882,,Mato Grosso,,Aripuana,"['GEODETIC_DATUM_ASSUMED_WGS84', 'OCCURRENCE_STATUS_INFERRED_FROM_INDIVIDUAL_COUNT']",821cc27a-e3bb-4bc5-ac34-89ada245069d,bc092ff0-02e4-11dc-991f-b8a03c50a862,http://creativecommons.org/publicdomain/zero/1.0/legalcode
1317410783,"Lagothrix lagothricha (Humboldt, 1812)","Lagothrix lagothricha (Humboldt, 1812)",SPECIES,,-7.52,-63.03,,1974-10-30,1974.0,PRESERVED_SPECIMEN,USNM,MAMM,USNM 545878,,Amazonas,,"Humaita, Br. 230, Itaituba-Humaita, Km. 969, Transamazonica Hwy.","['GEODETIC_DATUM_ASSUMED_WGS84', 'OCCURRENCE_STATUS_INFERRED_FROM_INDIVIDUAL_COUNT']",821cc27a-e3bb-4bc5-ac34-89ada245069d,bc092ff0-02e4-11dc-991f-b8a03c50a862,http://creativecommons.org/publicdomain/zero/1.0/legalcode
1317541806,"Lagothrix lagothricha (Humboldt, 1812)","Lagothrix lagothricha (Humboldt, 1812)",SPECIES,,-7.52,-63.03,,1974-11-03,1974.0,PRESERVED_SPECIMEN,USNM,MAMM,USNM 545879,,Amazonas,,"Humaita, Br. 230, Itaituba-Humaita, Km. 969, Transamazonica Hwy.","['GEODETIC_DATUM_ASSUMED_WGS84', 'OCCURRENCE_STATUS_INFERRED_FROM_INDIVIDUAL_COUNT']",821cc27a-e3bb-4bc5-ac34-89ada245069d,bc092ff0-02e4-11dc-991f-b8a03c50a862,http://creativecommons.org/publicdomain/zero/1.0/legalcode
1317921952,"Lagothrix lagothricha (Humboldt, 1812)","Lagothrix lagothricha (Humboldt, 1812)",SPECIES,,-7.52,-63.03,,1974-11-05,1974.0,PRESERVED_SPECIMEN,USNM,MAMM,USNM 545880,,Amazonas,,"Humaita, Br. 230, Itaituba-Humaita, Km. 969, Transamazonica Hwy.","['GEODETIC_DATUM_ASSUMED_WGS84', 'OCCURRENCE_STATUS_INFERRED_FROM_INDIVIDUAL_COUNT']",821cc27a-e3bb-4bc5-ac34-89ada245069d,bc092ff0-02e4-11dc-991f-b8a03c50a862,http://creativecommons.org/publicdomain/zero/1.0/legalcode
1322352400,"Lagothrix lagothricha (Humboldt, 1812)","Lagothrix lagothricha (Humboldt, 1812)",SPECIES,,-7.52,-63.03,,1974-12-04,1974.0,PRESERVED_SPECIMEN,USNM,MAMM,USNM 545881,,Amazonas,,"Humaita, Br. 230, Itaituba-Humaita, Km. 969, Transamazonica Hwy.","['GEODETIC_DATUM_ASSUMED_WGS84', 'OCCURRENCE_STATUS_INFERRED_FROM_INDIVIDUAL_COUNT']",821cc27a-e3bb-4bc5-ac34-89ada245069d,bc092ff0-02e4-11dc-991f-b8a03c50a862,http://creativecommons.org/publicdomain/zero/1.0/legalcode
686418951,"Lagothrix lagothricha (Humboldt, 1812)","Lagothrix lagothricha (Humboldt, 1812)",SPECIES,,-4.3607446,-69.9954147,10.0,1960-10-15,1960.0,PRESERVED_SPECIMEN,KU,KUM,89932,W S Cramer,Amazonas,,"BENJAMIN CONSTANT, UPSTREAM FROM; ISLAND IN AMAZON RIVER","['COORDINATE_REPROJECTED', 'TAXON_MATCH_HIGHERRANK']",1d04e739-98a9-4e16-9970-8f8f3bf9e9e3,b554c320-0560-11d8-b851-b8a03c50a862,http://creativecommons.org/licenses/by/4.0/legalcode
665836321,"Lagothrix cana (É.Geoffroy Saint-Hilaire, 1812)","Lagothrix lagothricha cana (É.Geoffroy Saint-Hilaire, 1812)",SPECIES,,-2.433333,-54.700001,,1951-01-25,1951.0,PRESERVED_SPECIMEN,FMNH,Mammals,74178,W. A. Riffler,Para,,"Rio Tapajos, Santarem","['COORDINATE_ROUNDED', 'GEODETIC_DATUM_INVALID', 'GEODETIC_DATUM_ASSUMED_WGS84', 'OCCURRENCE_STATUS_INFERRED_FROM_INDIVIDUAL_COUNT', 'INSTITUTION_MATCH_FUZZY', 'COLLECTION_MATCH_FUZZY']",41fc5c40-5e81-496f-9733-6b5681b3b7a5,7b8aff00-a9f8-11d8-944b-b8a03c50a862,http://creativecommons.org/publicdomain/zero/1.0/legalcode
476812353,"Lagothrix lagothricha poeppigii Schinz, 1844","Lagothrix lagothricha poeppigii Schinz, 1844",SUBSPECIES,poeppigii,-2.51708,-65.43105,937054.0,,,PRESERVED_SPECIMEN,MCZ,Mamm,37610,,,,Upper Amazon,"['INSTITUTION_MATCH_FUZZY', 'COLLECTION_MATCH_FUZZY']",4bfac3ea-8763-4f4b-a71a-76a6f5f243d3,b4640710-8e03-11d8-b956-b8a03c50a862,http://creativecommons.org/licenses/by-nc/4.0/legalcode
476872016,"Lagothrix lagothricha (Humboldt, 1812)","Lagothrix lagothricha (Humboldt, 1812)",SPECIES,,-12.49964,-54.0332,2359900.0,,,PRESERVED_SPECIMEN,MCZ,Mamm,5869,Henry Augustus Ward,,,Brazil,"['RECORDED_DATE_MISMATCH', 'INSTITUTION_MATCH_FUZZY', 'COLLECTION_MATCH_FUZZY']",4bfac3ea-8763-4f4b-a71a-76a6f5f243d3,b4640710-8e03-11d8-b956-b8a03c50a862,http://creativecommons.org/licenses/by-nc/4.0/legalcode
1146718220,"Lagothrix lagothricha poeppigii Schinz, 1844","Lagothrix lagothricha poeppigii Schinz, 1844",SUBSPECIES,poeppigii,-2.51708,-65.43105,937054.0,,,PRESERVED_SPECIMEN,MCZ,Mamm,57223,,,,Upper Amazon,"['INSTITUTION_MATCH_FUZZY', 'COLLECTION_MATCH_FUZZY']",4bfac3ea-8763-4f4b-a71a-76a6f5f243d3,b4640710-8e03-11d8-b956-b8a03c50a862,http://creativecommons.org/licenses/by-nc/4.0/legalcode
3024405544,"Lagothrix lagothricha (Humboldt, 1812)","Lagothrix lagothricha (Humboldt, 1812)",SPECIES,,-8.33333,-37.75,999999.0,,,PRESERVED_SPECIMEN,RBINS,VER-MAM,12500,,,,Pernambuco,"['GEODETIC_DATUM_ASSUMED_WGS84', 'CONTINENT_DERIVED_FROM_COORDINATES']",8581f44d-7373-4138-9a3f-7d7508047419,e88c96a3-5884-4e51-a580-e417ca4c9eed,http://creativecommons.org/licenses/by-nc/4.0/legalcode
3025932066,"Lagothrix lagothricha (Humboldt, 1812)","Lagothrix lagothricha (Humboldt, 1812)",SPECIES,,-8.33333,-37.75,999999.0,,,PRESERVED_SPECIMEN,RBINS-Scientific Heritage,urn:catalog:RBINS:mam,12500,,,,Pernambuco,"['GEODETIC_DATUM_ASSUMED_WGS84', 'CONTINENT_DERIVED_FROM_COORDINATES', 'TAXON_ID_NOT_FOUND', 'TYPE_STATUS_INVALID', 'INSTITUTION_MATCH_NONE']",8138eb72-f762-11e1-a439-00145eb45e9a,e88c96a3-5884-4e51-a580-e417ca4c9eed,http://creativecommons.org/licenses/by-nc/4.0/legalcode
3969172322,"Lagothrix lagothricha (Humboldt, 1812)","Lagothrix lagothricha (Humboldt, 1812)",SPECIES,,-6.95,-69.73,,,,PRESERVED_SPECIMEN,,,IDSM03702,,,,,"['GEODETIC_DATUM_ASSUMED_WGS84', 'CONTINENT_DERIVED_FROM_COORDINATES', 'TAXON_CONCEPT_ID_NOT_FOUND', 'TAXON_ID_NOT_FOUND']",d8cd16ba-bb74-4420-821e-083f2bac17c2,ada9d123-ddb4-467d-8891-806ea8d94230,http://creativecommons.org/licenses/by/4.0/legalcode
5862776795,"Lagothrix lagothricha (Humboldt, 1812)","Lagothrix lagothricha (Humboldt, 1812)",SPECIES,,-6.9485,-69.7299,,,,MATERIAL_SAMPLE,"Mined from GenBank, NCBI",,IDSM03702,,,,,"['GEODETIC_DATUM_ASSUMED_WGS84', 'CONTINENT_DERIVED_FROM_COORDINATES', 'INSTITUTION_MATCH_NONE']",040c5662-da76-4782-a48e-cdea1892d14c,b3bf3a83-1f68-4541-a03f-330d30d567f5,http://creativecommons.org/licenses/by/4.0/legalcode
