gbifID,accessRights,bibliographicCitation,language,license,modified,publisher,references,rightsHolder,type,institutionID,collectionID,datasetID,institutionCode,collectionCode,datasetName,ownerInstitutionCode,basisOfRecord,informationWithheld,dataGeneralizations,dynamicProperties,occurrenceID,catalogNumber,recordNumber,recordedBy,recordedByID,individualCount,organismQuantity,organismQuantityType,sex,lifeStage,reproductiveCondition,caste,behavior,vitality,establishmentMeans,degreeOfEstablishment,pathway,georeferenceVerificationStatus,occurrenceStatus,preparations,disposition,associatedOccurrences,associatedReferences,associatedSequences,associatedTaxa,otherCatalogNumbers,occurrenceRemarks,organismID,organismName,organismScope,associatedOrganisms,previousIdentifications,organismRemarks,materialEntityID,materialEntityRemarks,verbatimLabel,materialSampleID,eventID,parentEventID,eventType,fieldNumber,eventDate,eventTime,startDayOfYear,endDayOfYear,year,month,day,verbatimEventDate,habitat,samplingProtocol,sampleSizeValue,sampleSizeUnit,samplingEffort,fieldNotes,eventRemarks,locationID,higherGeographyID,higherGeography,continent,waterBody,islandGroup,island,countryCode,stateProvince,county,municipality,locality,verbatimLocality,verbatimElevation,verticalDatum,verbatimDepth,minimumDistanceAboveSurfaceInMeters,maximumDistanceAboveSurfaceInMeters,locationAccordingTo,locationRemarks,decimalLatitude,decimalLongitude,coordinateUncertaintyInMeters,coordinatePrecision,pointRadiusSpatialFit,verbatimCoordinateSystem,verbatimSRS,footprintWKT,footprintSRS,footprintSpatialFit,georeferencedBy,georeferencedDate,georeferenceProtocol,georeferenceSources,georeferenceRemarks,geologicalContextID,earliestEonOrLowestEonothem,latestEonOrHighestEonothem,earliestEraOrLowestErathem,latestEraOrHighestErathem,earliestPeriodOrLowestSystem,latestPeriodOrHighestSystem,earliestEpochOrLowestSeries,latestEpochOrHighestSeries,earliestAgeOrLowestStage,latestAgeOrHighestStage,lowestBiostratigraphicZone,highestBiostratigraphicZone,lithostratigraphicTerms,group,formation,member,bed,identificationID,verbatimIdentification,identificationQualifier,typeStatus,identifiedBy,identifiedByID,dateIdentified,identificationReferences,identificationVerificationStatus,identificationRemarks,taxonID,scientificNameID,acceptedNameUsageID,parentNameUsageID,originalNameUsageID,nameAccordingToID,namePublishedInID,taxonConceptID,scientificName,acceptedNameUsage,parentNameUsage,originalNameUsage,nameAccordingTo,namePublishedIn,namePublishedInYear,higherClassification,kingdom,phylum,class,order,superfamily,family,subfamily,tribe,subtribe,genus,genericName,subgenus,infragenericEpithet,specificEpithet,infraspecificEpithet,cultivarEpithet,taxonRank,verbatimTaxonRank,vernacularName,nomenclaturalCode,taxonomicStatus,nomenclaturalStatus,taxonRemarks,datasetKey,publishingCountry,lastInterpreted,elevation,elevationAccuracy,depth,depthAccuracy,distanceFromCentroidInMeters,issue,taxonomicIssue,nonTaxonomicIssue,mediaType,hasCoordinate,hasGeospatialIssues,taxonKey,acceptedTaxonKey,kingdomKey,phylumKey,classKey,orderKey,superfamilyKey,familyKey,subfamilyKey,tribeKey,subtribeKey,genusKey,subgenusKey,speciesKey,species,acceptedScientificName,verbatimScientificName,typifiedName,protocol,lastParsed,lastCrawled,isInvasive,repatriated,relativeOrganismQuantity,isSequenced,gbifRegion,publishedByGbifRegion,projectID,level0Gid,level0Name,level1Gid,level1Name,level2Gid,level2Name,level3Gid,level3Name,iucnRedListCategory,audit_decisao,audit_justificativa
5147214363,http://mvz.berkeley.edu/mvzdata_terms,,en,CC0_1_0,2025-10-07T06:28:00.013Z,,,,PhysicalObject,MVZ,https://arctos.database.museum/collection/MVZ:Mamm,,MVZ,Mammalogy,,,PRESERVED_SPECIMEN,,,"""[{""""attribute_date"""": null, """"attribute_type"""": """"sex"""", """"attribute_units"""": null, """"attribute_value"""": """"male"""", """"attribute_method"""": null, """"attribute_remark"""": null, """"attribute_determiner"""": {""""agentID"""": """"https://arctos.database.museum/agent/10014238"""", """"agent_name"""": """"Museum of Vertebrate Zoology""""}}]""",https://arctos.database.museum/guid/MVZ:Mamm:193677,MVZ:Mamm:193677,Maria Nazareth F. da Silva 24,Collector(s): Maria Nazareth F. da Silva,,,,,Male,,,,,,,,,,PRESENT,tissue (ethanol 95%),,,,,,Maria Nazareth F. da Silva collector number 24;Museu Paraense Emílio Goeldi identifier MPEG,,,,,,"""[{""""made_date"""": """"2001-03-23"""", """"taxa_formula"""": """"A"""", """"taxon_concept"""": null, """"scientific_name"""": """"Lagothrix lagotricha"""", """"identificationID"""": """"https://arctos.database.museum/guid/MVZ:Mamm:193677/IID10707489"""", """"sensu_publication"""": null, """"identification_taxa"""": [{""""taxon"""": {""""ftn"""": """"Animalia, Chordata, Mammalia, Primates, Anthropoidea, Cebidae, Atelinae, Lagothrix, Lagothrix lagotricha"""", """"name"""": """"Lagothrix lagotricha"""", """"ctrms"""": [{""""psn"""": 1, """"typ"""": """"kingdom"""", """"term"""": """"Animalia""""}, {""""psn"""": 2, """"typ"""": """"phylum"""", """"term"""": """"Chordata""""}, {""""psn"""": 3, """"typ"""": """"class"""", """"term"""": """"Mammalia""""}, {""""psn"""": 4, """"typ"""": """"order"""", """"term"""": """"Primates""""}, {""""psn"""": 5, """"typ"""": """"suborder"""", """"term"""": """"Anthropoidea""""}, {""""psn"""": 6, """"typ"""": """"family"""", """"term"""": """"Cebidae""""}, {""""psn"""": 7, """"typ"""": """"subfamily"""", """"term"""": """"Atelinae""""}, {""""psn"""": 8, """"typ"""": """"genus"""", """"term"""": """"Lagothrix""""}, {""""psn"""": 9, """"typ"""": """"species"""", """"term"""": """"Lagothrix lagotricha""""}], """"nctrms"""": [{""""typ"""": """"author_text"""", """"term"""": """"(Humboldt, 1812)""""}, {""""typ"""": """"display_name"""", """"term"""": """"<i>Lagothrix lagotricha</i> (Humboldt, 1812)""""}, {""""typ"""": """"nomenclatural_code"""", """"term"""": """"ICZN""""}, {""""typ"""": """"scientific_name"""", """"term"""": """"Lagothrix lagotricha""""}, {""""typ"""": """"source_authority"""", """"term"""": """"ITIS""""}, {""""typ"""": """"taxon_status"""", """"term"""": """"valid""""}], """"source"""": """"Arctos"""", """"classification_id"""": """"https://arctos.database.museum/name/Lagothrix lagotricha#Arctos""""}, """"taxon_id"""": """"https://arctos.database.museum/name/Lagothrix lagotricha"""", """"variable"""": """"A""""}], """"identification_order"""": 1, """"identification_agents"""": [{""""agentID"""": """"https://arctos.database.museum/agent/10009180"""", """"agent_name"""": """"James L. Patton""""}], """"identification_remarks"""": """"Former nature_of_id: field."""", """"identification_attributes"""": [{""""attribute_date"""": null, """"attribute_type"""": """"nature of identification"""", """"attribute_units"""": null, """"attribute_value"""": """"features"""", """"attribute_method"""": null, """"attribute_remark"""": null, """"attribute_determiner"""": null}]}]""",,,,,,,,,,1991-11-11,1991-11-11,315.0,315.0,1991.0,11.0,11.0,11 Nov 1991,,,,,,,,,,"Brazil, Amazonas",SOUTH_AMERICA,,,,BR,Amazonas,,,"Altamira, right bank Rio Juruá","Altamira, right bank Rio Juruá",,,,,,James L. Patton,,-6.583333,-68.9,500.0,,,deg. min. sec.,,,,,James L. Patton,1999-01-27 00:00:00,not recorded,"RadamBrasil 1:250,000 Folha Rio Xerup, SB.19-Z-A, 1978",,,,,,,,,,,,,,,,,,,,,,,,James L. Patton,,2001-03-23T00:00:00,,,Former nature_of_id: field.,,,,,,,,,"Lagothrix lagothricha (Humboldt, 1812)",,,,,,,"Animalia, Chordata, Mammalia, Primates, Anthropoidea, Cebidae, Atelinae, Lagothrix, Lagothrix lagotricha",Animalia,Chordata,Mammalia,Primates,,Atelidae,,,,Lagothrix,Lagothrix,,,lagothricha,,,SPECIES,,,,ACCEPTED,,,0daed095-478a-4af6-abf5-18acb790fbb2,US,2026-09-01T18:34:58.970Z,,,,,,COORDINATE_ROUNDED;CONTINENT_DERIVED_FROM_COORDINATES;INSTITUTION_MATCH_FUZZY;INSTITUTION_COLLECTION_MISMATCH;TAXON_MATCH_FUZZY,,,,True,False,5786085,5786085,1,44,359,798,,3239607,,,,2436656,,5786085,Lagothrix lagothricha,"Lagothrix lagothricha (Humboldt, 1812)",Lagothrix lagotricha,,EML,2026-09-01T18:34:58.970Z,2026-08-28T00:34:42.028Z,,True,,False,LATIN_AMERICA,NORTH_AMERICA,,BRA,Brazil,BRA.4_1,Amazonas,BRA.4.30_2,Itamarati,,,VU,MANTER,sem problema relevante detectado
3988788582,,,,CC_BY_NC_4_0,2026-01-26T15:47:17Z,,https://www.inaturalist.org/observations/139020908,Paulo Henrique Bonavigo,,,,,iNaturalist,Observations,iNaturalist research-grade observations,,HUMAN_OBSERVATION,Coordinate uncertainty increased to 31158m to protect threatened taxon,,,https://www.inaturalist.org/observations/139020908,139020908,,Paulo Henrique Bonavigo,,,,,,,,,,,,,,,PRESENT,,,,,,,,,,,,,,,,,,,,,,,2009-05-23T10:58,10:58:00-04:00,143.0,143.0,2009.0,5.0,23.0,2009/05/23 10:58,,,,,,,,,,,SOUTH_AMERICA,,,,BR,Rondônia,,,,"Rondônia, BR",,,,,,,,-11.064869,-61.273068,31158.0,,,,,,,,,,,,,,,,,,,,,,,,,,,,,,,466340799.0,,,,Jens Geijtenbeek,,2024-04-03T12:00:21,,,,1369213,,,,,,,,"Lagothrix lagothricha cana (É.Geoffroy Saint-Hilaire, 1812)",,,,,,,,Animalia,Chordata,Mammalia,Primates,,Atelidae,,,,Lagothrix,Lagothrix,,,lagothricha,cana,,SUBSPECIES,,,,ACCEPTED,,,50c9509d-22c7-4a22-a47d-8c48425ef4a7,US,2026-09-11T05:28:10.487Z,,,,,,COORDINATE_ROUNDED;CONTINENT_DERIVED_FROM_COORDINATES;TAXON_ID_NOT_FOUND,,,StillImage,True,False,5786086,5786086,1,44,359,798,,3239607,,,,2436656,,5786085,Lagothrix lagothricha,"Lagothrix lagothricha cana (É.Geoffroy Saint-Hilaire, 1812)",Lagothrix lagothricha cana,,DWC_ARCHIVE,2026-09-11T05:28:10.487Z,2026-09-10T19:15:51.157Z,,True,,False,LATIN_AMERICA,NORTH_AMERICA,,BRA,Brazil,BRA.22_1,Rondônia,BRA.22.9_2,Cacoal,,,,MANTER,sem problema relevante detectado
4597512273,,,,CC_BY_NC_4_0,2026-01-25T19:43:00Z,,https://www.inaturalist.org/observations/202527349,Ricardo Ribeiro,,,,,iNaturalist,Observations,iNaturalist research-grade observations,,HUMAN_OBSERVATION,Coordinate uncertainty increased to 31236m to protect threatened taxon,,,https://www.inaturalist.org/observations/202527349,202527349,,Ricardo Ribeiro,,,,,,,,,,,,,,,PRESENT,,,,,,,,,,,,,,,,,,,,,,,2023-09-29T10:55,10:55:00-04:00,272.0,272.0,2023.0,9.0,29.0,2023/09/29 10:55,,,,,,,,,,,SOUTH_AMERICA,,,,BR,Amazonas,,,,Brazil,,,,,,,,-9.578613,-67.342126,31236.0,,,,,,,,,,,,,,,,,,,,,,,,,,,,,,,461404811.0,,,,Jens Geijtenbeek,,2024-03-19T18:44:32,,,,1369213,,,,,,,,"Lagothrix lagothricha cana (É.Geoffroy Saint-Hilaire, 1812)",,,,,,,,Animalia,Chordata,Mammalia,Primates,,Atelidae,,,,Lagothrix,Lagothrix,,,lagothricha,cana,,SUBSPECIES,,,,ACCEPTED,,,50c9509d-22c7-4a22-a47d-8c48425ef4a7,US,2026-09-11T05:32:49.246Z,,,,,,COORDINATE_ROUNDED;CONTINENT_DERIVED_FROM_COORDINATES;TAXON_ID_NOT_FOUND,,,StillImage,True,False,5786086,5786086,1,44,359,798,,3239607,,,,2436656,,5786085,Lagothrix lagothricha,"Lagothrix lagothricha cana (É.Geoffroy Saint-Hilaire, 1812)",Lagothrix lagothricha cana,,DWC_ARCHIVE,2026-09-11T05:32:49.246Z,2026-09-10T19:15:51.157Z,,True,,False,LATIN_AMERICA,NORTH_AMERICA,,BRA,Brazil,BRA.4_1,Amazonas,BRA.4.13_2,Boca do Acre,,,,MANTER,sem problema relevante detectado
4596845684,,,,CC_BY_4_0,2025-08-28T12:10:16Z,,https://www.inaturalist.org/observations/197887507,Pedro Bonavigo,,,,,iNaturalist,Observations,iNaturalist research-grade observations,,HUMAN_OBSERVATION,Coordinate uncertainty increased to 31271m to protect threatened taxon,,,https://www.inaturalist.org/observations/197887507,197887507,,Pedro Bonavigo,,,,,,,,,,,,,,,PRESENT,,,,,,,,ESPÉCIE NÃO NATIVA DA REGIÃO: Indivíduo domesticado e introduzido no fragmento de floresta.,,,,,,,,,,,,,,,2024-01-28T09:49,09:49:00-04:00,28.0,28.0,2024.0,1.0,28.0,2024/01/28 09:49,,,,,,,,,,,SOUTH_AMERICA,,,,BR,Rondônia,,,,"Rondônia, BR",,,,,,,,-8.733216,-63.789168,31271.0,,,,,,,,,,,,,,,,,,,,,,,,,,,,,,,466342111.0,,,,Jens Geijtenbeek,,2024-04-03T12:06:44,,,,1369213,,,,,,,,"Lagothrix lagothricha cana (É.Geoffroy Saint-Hilaire, 1812)",,,,,,,,Animalia,Chordata,Mammalia,Primates,,Atelidae,,,,Lagothrix,Lagothrix,,,lagothricha,cana,,SUBSPECIES,,,,ACCEPTED,,,50c9509d-22c7-4a22-a47d-8c48425ef4a7,US,2026-09-11T05:43:53.613Z,,,,,,COORDINATE_ROUNDED;CONTINENT_DERIVED_FROM_COORDINATES;TAXON_ID_NOT_FOUND,,,,True,False,5786086,5786086,1,44,359,798,,3239607,,,,2436656,,5786085,Lagothrix lagothricha,"Lagothrix lagothricha cana (É.Geoffroy Saint-Hilaire, 1812)",Lagothrix lagothricha cana,,DWC_ARCHIVE,2026-09-11T05:43:53.613Z,2026-09-10T19:15:51.157Z,,True,,False,LATIN_AMERICA,NORTH_AMERICA,,BRA,Brazil,BRA.22_1,Rondônia,BRA.22.37_2,Porto Velho,,,,MANTER,sem problema relevante detectado
5187731098,,,,CC_BY_NC_4_0,2025-06-25T15:37:09Z,,https://www.inaturalist.org/observations/287624933,pfaucher,,,,,iNaturalist,Observations,iNaturalist research-grade observations,,HUMAN_OBSERVATION,Coordinate uncertainty increased to 31279m to protect threatened taxon,,,https://www.inaturalist.org/observations/287624933,287624933,,pfaucher,,,,,,,,,,,,,,,PRESENT,,,,,,,,101_7776-Edit.tif,,,,,,,,,,,,,,,2025-06-06T16:01,16:01:00-04:00,157.0,157.0,2025.0,6.0,6.0,2025/06/06 4:01 PM,,,,,,,,,,,SOUTH_AMERICA,,,,BR,Amazonas,,,,"Amazonas, BR",,,,,,,,-8.552162,-60.835627,31279.0,,,,,,,,,,,,,,,,,,,,,,,,,,,,,,,646180243.0,,,,pfaucher,,2025-06-09T15:53:00,,,This subspecies based on range.,1369213,,,,,,,,"Lagothrix lagothricha cana (É.Geoffroy Saint-Hilaire, 1812)",,,,,,,,Animalia,Chordata,Mammalia,Primates,,Atelidae,,,,Lagothrix,Lagothrix,,,lagothricha,cana,,SUBSPECIES,,,,ACCEPTED,,,50c9509d-22c7-4a22-a47d-8c48425ef4a7,US,2026-09-11T05:46:38.691Z,,,,,,COORDINATE_ROUNDED;CONTINENT_DERIVED_FROM_COORDINATES;TAXON_ID_NOT_FOUND,,,StillImage,True,False,5786086,5786086,1,44,359,798,,3239607,,,,2436656,,5786085,Lagothrix lagothricha,"Lagothrix lagothricha cana (É.Geoffroy Saint-Hilaire, 1812)",Lagothrix lagothricha cana,,DWC_ARCHIVE,2026-09-11T05:46:38.691Z,2026-09-10T19:15:51.157Z,,True,,False,LATIN_AMERICA,NORTH_AMERICA,,BRA,Brazil,BRA.4_1,Amazonas,BRA.4.45_2,Novo Aripuanã,,,,MANTER,sem problema relevante detectado
5104343302,,,,CC_BY_NC_4_0,2025-06-16T21:34:58Z,,https://www.inaturalist.org/observations/264207138,Glauko Corrêa || Proaves Rondoni,,,,,iNaturalist,Observations,iNaturalist research-grade observations,,HUMAN_OBSERVATION,Coordinate uncertainty increased to 31295m to protect threatened taxon,,"""{""""evidenceOfPresence"""":""""organism""""}""",https://www.inaturalist.org/observations/264207138,264207138,,Glauko Corrêa;Proaves Rondoni,https://orcid.org/0000-0002-6112-7481,,,,,Adult,,,,alive,,,,,PRESENT,,,,,,,,,,,,,,,,,,,,,,,2024-10-25T08:27,08:27:00-04:00,299.0,299.0,2024.0,10.0,25.0,2024/10/25 08:27,,,,,,,,,,,SOUTH_AMERICA,,,,BR,Amazonas,,,,"Novo Aripuanã, BR-AM, BR",,,,,,,,-8.146688,-60.46942,31295.0,,,,,,,,,,,,,,,,,,,,,,,,,,,,,,,598898836.0,,,,Glauko Corrêa;Proaves Rondoni,https://orcid.org/0000-0002-6112-7481,2025-03-07T06:35:03,,,,1369213,,,,,,,,"Lagothrix lagothricha cana (É.Geoffroy Saint-Hilaire, 1812)",,,,,,,,Animalia,Chordata,Mammalia,Primates,,Atelidae,,,,Lagothrix,Lagothrix,,,lagothricha,cana,,SUBSPECIES,,,,ACCEPTED,,,50c9509d-22c7-4a22-a47d-8c48425ef4a7,US,2026-09-11T06:05:36.847Z,,,,,,COORDINATE_ROUNDED;CONTINENT_DERIVED_FROM_COORDINATES;TAXON_ID_NOT_FOUND,,,StillImage,True,False,5786086,5786086,1,44,359,798,,3239607,,,,2436656,,5786085,Lagothrix lagothricha,"Lagothrix lagothricha cana (É.Geoffroy Saint-Hilaire, 1812)",Lagothrix lagothricha cana,,DWC_ARCHIVE,2026-09-11T06:05:36.847Z,2026-09-10T19:15:51.157Z,,True,,False,LATIN_AMERICA,NORTH_AMERICA,,BRA,Brazil,BRA.4_1,Amazonas,BRA.4.45_2,Novo Aripuanã,,,,MANTER,sem problema relevante detectado
6520650573,,,,CC_BY_4_0,2026-08-31T13:48:31Z,,https://www.inaturalist.org/observations/382141018,Fernando Bondan,,,,,iNaturalist,Observations,iNaturalist research-grade observations,,HUMAN_OBSERVATION,Coordinate uncertainty increased to 31310m to protect threatened taxon,,,https://www.inaturalist.org/observations/382141018,382141018,,Fernando Bondan,,,,,,,,,,,,,,,PRESENT,,,,,,,,,,,,,,,,,,,,,,,2026-06-28T12:04,12:04:00-04:00,179.0,179.0,2026.0,6.0,28.0,2026/06/28 12:04,,,,,,,,,,,SOUTH_AMERICA,,,,BR,Amazonas,,,,"Apuí, BR-AM, BR",,,,,,,,-7.610657,-60.458943,31310.0,,,,,,,,,,,,,,,,,,,,,,,,,,,,,,,852301580.0,,,,Fernando Bondan,,2026-07-17T00:30:13,,,,1369213,,,,,,,,"Lagothrix lagothricha cana (É.Geoffroy Saint-Hilaire, 1812)",,,,,,,,Animalia,Chordata,Mammalia,Primates,,Atelidae,,,,Lagothrix,Lagothrix,,,lagothricha,cana,,SUBSPECIES,,,,ACCEPTED,,,50c9509d-22c7-4a22-a47d-8c48425ef4a7,US,2026-09-11T05:49:52.599Z,,,,,,COORDINATE_ROUNDED;CONTINENT_DERIVED_FROM_COORDINATES;TAXON_ID_NOT_FOUND,,,StillImage,True,False,5786086,5786086,1,44,359,798,,3239607,,,,2436656,,5786085,Lagothrix lagothricha,"Lagothrix lagothricha cana (É.Geoffroy Saint-Hilaire, 1812)",Lagothrix lagothricha cana,,DWC_ARCHIVE,2026-09-11T05:49:52.599Z,2026-09-10T19:15:51.157Z,,True,,False,LATIN_AMERICA,NORTH_AMERICA,,BRA,Brazil,BRA.4_1,Amazonas,BRA.4.5_2,Apuí,,,,MANTER,sem problema relevante detectado
3415737942,,,,CC_BY_NC_4_0,2024-08-05T13:16:51Z,,https://www.inaturalist.org/observations/101131635,Marllus Rafael Almeida,,,,,iNaturalist,Observations,iNaturalist research-grade observations,,HUMAN_OBSERVATION,Coordinate uncertainty increased to 31317m to protect threatened taxon,,"""{""""evidenceOfPresence"""":""""organism""""}""",https://www.inaturalist.org/observations/101131635,101131635,,Marllus Rafael Almeida,https://orcid.org/0000-0001-5990-9401,,,,,,,,,alive,,,,,PRESENT,,,,,,,,,,,,,,,,,,,,,,,2021-11-11T07:41,07:41:00-03:00,315.0,315.0,2021.0,11.0,11.0,2021/11/11 7:41 AM -0300,,,,,,,,,,,SOUTH_AMERICA,,,,BR,Acre,,,,,,,,,,,,-7.548051,-73.741682,31317.0,,,,,,,,,,,,,,,,,,,,,,,,,,,,,,,248605352.0,,,,Marllus Rafael Almeida,https://orcid.org/0000-0001-5990-9401,2022-04-12T14:10:52,,,,1369212,,,,,,,,"Lagothrix lagothricha poeppigii Schinz, 1844",,,,,,,,Animalia,Chordata,Mammalia,Primates,,Atelidae,,,,Lagothrix,Lagothrix,,,lagothricha,poeppigii,,SUBSPECIES,,,,ACCEPTED,,,50c9509d-22c7-4a22-a47d-8c48425ef4a7,US,2026-09-11T05:57:22.097Z,,,,,,COORDINATE_ROUNDED;CONTINENT_DERIVED_FROM_COORDINATES;TAXON_ID_NOT_FOUND,,,Sound,True,False,5786087,5786087,1,44,359,798,,3239607,,,,2436656,,5786085,Lagothrix lagothricha,"Lagothrix lagothricha poeppigii Schinz, 1844",Lagothrix lagothricha poeppigii,,DWC_ARCHIVE,2026-09-11T05:57:22.097Z,2026-09-10T19:15:51.157Z,,True,,False,LATIN_AMERICA,NORTH_AMERICA,https://www.inaturalist.org/projects/audio-observations-from-around-the-world,BRA,Brazil,BRA.1_1,Acre,BRA.1.10_2,Mâncio Lima,,,,MANTER,sem problema relevante detectado
3988792580,,,,CC_BY_NC_4_0,2026-01-25T19:40:11Z,,https://www.inaturalist.org/observations/135621940,Jessica Wu,,,,,iNaturalist,Observations,iNaturalist research-grade observations,,HUMAN_OBSERVATION,Coordinate uncertainty increased to 31407m to protect threatened taxon,,,https://www.inaturalist.org/observations/135621940,135621940,,Jessica Wu,,,,,,,,,,,,,,,PRESENT,,,,,,,,Alpha male with the fruits he was eating,,,,,,,,,,,,,,,2022-05-21T15:39:35,15:39:35-05:00,141.0,141.0,2022.0,5.0,21.0,2022-05-21 15:39:35-05:00,,,,,,,,,,,SOUTH_AMERICA,,,,BR,Amazonas,,,,"Amazonas, BR",,,,,,,,-4.229969,-70.303509,31407.0,,,,,,,,,,,,,,,,,,,,,,,,,,,,,,,609963684.0,,,,JanVermeer,,2025-04-07T09:53:22,,,,1369211,,,,,,,,"Lagothrix lagothricha lagothricha (Humboldt, 1812)",,,,,,,,Animalia,Chordata,Mammalia,Primates,,Atelidae,,,,Lagothrix,Lagothrix,,,lagothricha,lagothricha,,SUBSPECIES,,,,ACCEPTED,,,50c9509d-22c7-4a22-a47d-8c48425ef4a7,US,2026-09-11T05:41:58.534Z,,,,,,COORDINATE_ROUNDED;CONTINENT_DERIVED_FROM_COORDINATES;TAXON_ID_NOT_FOUND,,,StillImage,True,False,8756566,8756566,1,44,359,798,,3239607,,,,2436656,,5786085,Lagothrix lagothricha,"Lagothrix lagothricha lagothricha (Humboldt, 1812)",Lagothrix lagothricha lagothricha,,DWC_ARCHIVE,2026-09-11T05:41:58.534Z,2026-09-10T19:15:51.157Z,,True,,False,LATIN_AMERICA,NORTH_AMERICA,,BRA,Brazil,BRA.4_1,Amazonas,BRA.4.6_2,Atalaia do Norte,,,,MANTER,sem problema relevante detectado
6430898031,,,,CC_BY_NC_4_0,2026-08-16T07:54:59Z,,https://www.inaturalist.org/observations/377087423,Francisco J. Serrano Eizaguerri,,,,,iNaturalist,Observations,iNaturalist research-grade observations,,HUMAN_OBSERVATION,Coordinate uncertainty increased to 31411m to protect threatened taxon,,"""{""""evidenceOfPresence"""":""""organism""""}""",https://www.inaturalist.org/observations/377087423,377087423,,Francisco J. Serrano Eizaguerri,,,,,,Adult,,,,alive,,,,,PRESENT,,,,,,,,,,,,,,,,,,,,,,,2019-10-24T17:08,17:08:00-04:00,297.0,297.0,2019.0,10.0,24.0,2019/10/24 5:08 PM,,,,,,,,,,,SOUTH_AMERICA,,,,BR,Amazonas,,,,"Amazonas, BR",,,,,,,,-4.189864,-60.988068,31411.0,,,,,,,,,,,,,,,,,,,,,,,,,,,,,,,842291798.0,,,,kc1rt4pn0sd3,,2026-07-01T17:16:30,,,@enricotosto96,1369213,,,,,,,,"Lagothrix lagothricha cana (É.Geoffroy Saint-Hilaire, 1812)",,,,,,,,Animalia,Chordata,Mammalia,Primates,,Atelidae,,,,Lagothrix,Lagothrix,,,lagothricha,cana,,SUBSPECIES,,,,ACCEPTED,,,50c9509d-22c7-4a22-a47d-8c48425ef4a7,ES,2026-09-11T06:17:23.689Z,,,,,,COORDINATE_ROUNDED;CONTINENT_DERIVED_FROM_COORDINATES;TAXON_ID_NOT_FOUND,,,StillImage,True,False,5786086,5786086,1,44,359,798,,3239607,,,,2436656,,5786085,Lagothrix lagothricha,"Lagothrix lagothricha cana (É.Geoffroy Saint-Hilaire, 1812)",Lagothrix lagothricha cana,,DWC_ARCHIVE,2026-09-11T06:17:23.689Z,2026-09-10T19:15:51.157Z,,True,,False,LATIN_AMERICA,EUROPE,,BRA,Brazil,BRA.4_1,Amazonas,BRA.4.11_2,Beruri,,,,MANTER,sem problema relevante detectado
6179306130,,,,CC_BY_4_0,2026-08-26T12:00:34Z,,https://www.inaturalist.org/observations/342621422,Leandro Rezende,,,,,iNaturalist,Observations,iNaturalist research-grade observations,,HUMAN_OBSERVATION,Coordinate uncertainty increased to 31418m to protect threatened taxon,,,https://www.inaturalist.org/observations/342621422,342621422,,Leandro Rezende,,,,,,,,,,,,,,,PRESENT,,,,,,,,,,,,,,,,,,,,,,,2021-06-15T08:06,08:06:00-04:00,166.0,166.0,2021.0,6.0,15.0,2021/06/15 08:06,,,,,,,,,,,SOUTH_AMERICA,,,,BR,Amazonas,,,,"Autazes, BR-AM, BR",,,,,,,,-3.681298,-59.824877,31418.0,,,,,,,,,,,,,,,,,,,,,,,,,,,,,,,773122796.0,,,,kc1rt4pn0sd3,,2026-03-12T20:44:23,,,,1369213,,,,,,,,"Lagothrix lagothricha cana (É.Geoffroy Saint-Hilaire, 1812)",,,,,,,,Animalia,Chordata,Mammalia,Primates,,Atelidae,,,,Lagothrix,Lagothrix,,,lagothricha,cana,,SUBSPECIES,,,,ACCEPTED,,,50c9509d-22c7-4a22-a47d-8c48425ef4a7,US,2026-09-11T06:14:33.638Z,,,,,,COORDINATE_ROUNDED;CONTINENT_DERIVED_FROM_COORDINATES;TAXON_ID_NOT_FOUND,,,StillImage,True,False,5786086,5786086,1,44,359,798,,3239607,,,,2436656,,5786085,Lagothrix lagothricha,"Lagothrix lagothricha cana (É.Geoffroy Saint-Hilaire, 1812)",Lagothrix lagothricha cana,,DWC_ARCHIVE,2026-09-11T06:14:33.638Z,2026-09-10T19:15:51.157Z,,True,,False,LATIN_AMERICA,NORTH_AMERICA,,BRA,Brazil,BRA.4_1,Amazonas,BRA.4.18_2,Careiro,,,,MANTER,sem problema relevante detectado
6235960864,,,,CC_BY_4_0,2026-04-27T22:14:55Z,,https://www.inaturalist.org/observations/248654710,Diego Gallotti,,,,,iNaturalist,Observations,iNaturalist research-grade observations,,HUMAN_OBSERVATION,Coordinate uncertainty increased to 31422m to protect threatened taxon,,"""{""""evidenceOfPresence"""":""""organism""""}""",https://www.inaturalist.org/observations/248654710,248654710,,Diego Gallotti,,,,,,,,,,alive,,,,,PRESENT,,,,,,,,,,,,,,,,,,,,,,,2018-07-16T14:51,14:51:00-04:00,197.0,197.0,2018.0,7.0,16.0,2018/07/16 2:51 PM,,,,,,,,,,,SOUTH_AMERICA,,,,BR,Amazonas,,,,"Amazonas, BR",,,,,,,,-3.503783,-59.217137,31422.0,,,,,,,,,,,,,,,,,,,,,,,,,,,,,,,754456526.0,,,,kc1rt4pn0sd3,,2026-01-25T19:37:50,,,,1369213,,,,,,,,"Lagothrix lagothricha cana (É.Geoffroy Saint-Hilaire, 1812)",,,,,,,,Animalia,Chordata,Mammalia,Primates,,Atelidae,,,,Lagothrix,Lagothrix,,,lagothricha,cana,,SUBSPECIES,,,,ACCEPTED,,,50c9509d-22c7-4a22-a47d-8c48425ef4a7,AR,2026-09-11T06:07:19.535Z,,,,,,COORDINATE_ROUNDED;CONTINENT_DERIVED_FROM_COORDINATES;TAXON_ID_NOT_FOUND,,,StillImage,True,False,5786086,5786086,1,44,359,798,,3239607,,,,2436656,,5786085,Lagothrix lagothricha,"Lagothrix lagothricha cana (É.Geoffroy Saint-Hilaire, 1812)",Lagothrix lagothricha cana,,DWC_ARCHIVE,2026-09-11T06:07:19.535Z,2026-09-10T19:15:51.157Z,,True,,False,LATIN_AMERICA,LATIN_AMERICA,,BRA,Brazil,BRA.4_1,Amazonas,BRA.4.7_2,Autazes,,,,MANTER,sem problema relevante detectado
6162925802,,,,CC_BY_NC_4_0,2026-06-17T05:30:18Z,,https://www.inaturalist.org/observations/339673525,wilmotsenaratne,,,,,iNaturalist,Observations,iNaturalist research-grade observations,,HUMAN_OBSERVATION,Coordinate uncertainty increased to 31428m to protect threatened taxon,,,https://www.inaturalist.org/observations/339673525,339673525,,wilmotsenaratne,,,,,,,,,,,,,,,PRESENT,,,,,,,,,,,,,,,,,,,,,,,2026-02-11T00:31,00:31:00-04:00,42.0,42.0,2026.0,2.0,11.0,2026/02/11 12:31 AM,,,,,,,,,,,SOUTH_AMERICA,,,,BR,Amazonas,,,,"Maués, BR-AM, BR",,,,,,,,-3.098895,-60.097638,31428.0,,,,,,,,,,,,,,,,,,,,,,,,,,,,,,,766871407.0,,,,JanVermeer,,2026-02-25T18:22:21,,,,1369213,,,,,,,,"Lagothrix lagothricha cana (É.Geoffroy Saint-Hilaire, 1812)",,,,,,,,Animalia,Chordata,Mammalia,Primates,,Atelidae,,,,Lagothrix,Lagothrix,,,lagothricha,cana,,SUBSPECIES,,,,ACCEPTED,,,50c9509d-22c7-4a22-a47d-8c48425ef4a7,US,2026-09-11T05:58:17.528Z,,,,,,COORDINATE_ROUNDED;CONTINENT_DERIVED_FROM_COORDINATES;TAXON_ID_NOT_FOUND,,,StillImage,True,False,5786086,5786086,1,44,359,798,,3239607,,,,2436656,,5786085,Lagothrix lagothricha,"Lagothrix lagothricha cana (É.Geoffroy Saint-Hilaire, 1812)",Lagothrix lagothricha cana,,DWC_ARCHIVE,2026-09-11T05:58:17.528Z,2026-09-10T19:15:51.157Z,,True,,False,LATIN_AMERICA,NORTH_AMERICA,,BRA,Brazil,BRA.4_1,Amazonas,BRA.4.38_2,Manaus,,,,MANTER,sem problema relevante detectado
4075818316,,,,CC_BY_NC_4_0,2026-01-25T18:19:30Z,,https://www.inaturalist.org/observations/152128883,jpbuenorodrigues,,,,,iNaturalist,Observations,iNaturalist research-grade observations,,HUMAN_OBSERVATION,Coordinate uncertainty increased to 31434m to protect threatened taxon,,,https://www.inaturalist.org/observations/152128883,152128883,,jpbuenorodrigues,,,,,,,,,,,,,,,PRESENT,,,,,,,,,,,,,,,,,,,,,,,2009-08-03T05:10,05:10:00-04:00,215.0,215.0,2009.0,8.0,3.0,2009/08/03 5:10 AM,,,,,,,,,,,SOUTH_AMERICA,,,,BR,Amazonas,,,,"Amazonas, BR",,,,,,,,-2.647876,-60.607374,31434.0,,,,,,,,,,,,,,,,,,,,,,,,,,,,,,,343789367.0,,,,jpbuenorodrigues,,2023-03-24T12:34:51,,,,1369209,,,,,,,,"Lagothrix lagothricha (Humboldt, 1812)",,,,,,,,Animalia,Chordata,Mammalia,Primates,,Atelidae,,,,Lagothrix,Lagothrix,,,lagothricha,,,SPECIES,,,,ACCEPTED,,,50c9509d-22c7-4a22-a47d-8c48425ef4a7,PT,2026-09-11T06:02:32.315Z,,,,,,COORDINATE_ROUNDED;CONTINENT_DERIVED_FROM_COORDINATES;TAXON_ID_NOT_FOUND,,,StillImage,True,False,5786085,5786085,1,44,359,798,,3239607,,,,2436656,,5786085,Lagothrix lagothricha,"Lagothrix lagothricha (Humboldt, 1812)",Lagothrix lagothricha,,DWC_ARCHIVE,2026-09-11T06:02:32.315Z,2026-09-10T19:15:51.157Z,,True,,False,LATIN_AMERICA,EUROPE,,BRA,Brazil,BRA.4_1,Amazonas,BRA.4.38_2,Manaus,,,VU,MANTER,sem problema relevante detectado
1146718220,,,,CC_BY_NC_4_0,2024-12-20T16:18:07Z,,http://mczbase.mcz.harvard.edu/guid/MCZ:Mamm:57223,President and Fellows of Harvard College,,b4640710-8e03-11d8-b956-b8a03c50a862,,,MCZ,Mamm,,"Museum of Comparative Zoology, Harvard University",PRESERVED_SPECIMEN,,,"""{""""sex"""":""""unknown""""}""",MCZ:Mamm:57223,57223,,,,1.0,,,Indeterminate,,,,,,,,,verified by MCZ collection,PRESENT,whole animal (ethanol),deaccessioned - used up,,,,,,sex: unknown,,,,,,,,,,,,,,,,,,,,,,[no verbatim date data],,,,,,,,,,South America: Brazil,SOUTH_AMERICA,,,,BR,,,,Upper Amazon,"Brazil, Upper Amazon",,,,,,,,-2.51708,-65.43105,937054.0,1e-05,,decimal degrees,,,,,Jeremy Kisala,,GEOLocate,GEOLocate,,,,,,,,,,,,,,,,,,,,,,,,,,,,,for dissection C.P. Lyman probably 37610,,,,,,,,,"Lagothrix lagothricha poeppigii Schinz, 1844",,,,,,,Animalia Chordata Mammalia Primates Cebidae Lagothrix lagothricha poeppigii,Animalia,Chordata,Mammalia,Primates,,Atelidae,,,,Lagothrix,Lagothrix,,,lagothricha,poeppigii,,SUBSPECIES,,,ICZN,ACCEPTED,,,4bfac3ea-8763-4f4b-a71a-76a6f5f243d3,US,2026-09-04T11:58:24.717Z,,,,,,INSTITUTION_MATCH_FUZZY;COLLECTION_MATCH_FUZZY,,,,True,False,5786087,5786087,1,44,359,798,,3239607,,,,2436656,,5786085,Lagothrix lagothricha,"Lagothrix lagothricha poeppigii Schinz, 1844",Lagothrix lagothricha poeppigii,,EML,2026-09-04T11:58:24.717Z,2026-09-04T06:57:18.232Z,,True,,False,LATIN_AMERICA,NORTH_AMERICA,,BRA,Brazil,BRA.4_1,Amazonas,BRA.4.33_2,Juruá,,,,MANTER_COM_RESSALVA,possivel duplicata (mesma coordenada/data/coletor) - conferir antes de modelar
3988556533,,,,CC_BY_NC_4_0,2026-06-17T12:55:01Z,,https://www.inaturalist.org/observations/134368686,rodrigo ferraz,,,,,iNaturalist,Observations,iNaturalist research-grade observations,,HUMAN_OBSERVATION,Coordinate uncertainty increased to 1253373m to protect threatened taxon,,,https://www.inaturalist.org/observations/134368686,134368686,,rodrigo ferraz,,,,,,,,,,,,,,,PRESENT,,,,,,,,,,,,,,,,,,,,,,,2022-09-02T15:05:52,15:05:52-04:00,245.0,245.0,2022.0,9.0,2.0,2022-09-02 15:05:52,,,,,,,,,,,SOUTH_AMERICA,,,,BR,Amazonas,,,,,,,,,,,,-3.270841,-65.896822,1253373.0,,,,,,,,,,,,,,,,,,,,,,,,,,,,,,,833211093.0,,,,kc1rt4pn0sd3,,2026-06-17T05:17:49,,,@enricotosto96,1369213,,,,,,,,"Lagothrix lagothricha cana (É.Geoffroy Saint-Hilaire, 1812)",,,,,,,,Animalia,Chordata,Mammalia,Primates,,Atelidae,,,,Lagothrix,Lagothrix,,,lagothricha,cana,,SUBSPECIES,,,,ACCEPTED,,,50c9509d-22c7-4a22-a47d-8c48425ef4a7,US,2026-09-11T05:30:09.706Z,,,,,,COORDINATE_ROUNDED;CONTINENT_DERIVED_FROM_COORDINATES;TAXON_ID_NOT_FOUND,,,StillImage,True,False,5786086,5786086,1,44,359,798,,3239607,,,,2436656,,5786085,Lagothrix lagothricha,"Lagothrix lagothricha cana (É.Geoffroy Saint-Hilaire, 1812)",Lagothrix lagothricha cana,,DWC_ARCHIVE,2026-09-11T05:30:09.706Z,2026-09-10T19:15:51.157Z,,True,,False,LATIN_AMERICA,NORTH_AMERICA,,BRA,Brazil,BRA.4_1,Amazonas,BRA.4.33_2,Juruá,,,,MANTER_COM_RESSALVA,incerteza de coordenada > 50 km
6511329858,2016-12-09,,,CC_BY_4_0,,,,SISBIO | Sistema de Autorização e Informação em Biodiversidade,,,,,ICMBio,Dados de Pesquisa SISBio,ICMBio;Dados de ocorrência de espécies do Sistema de Autorização e Informações de Biodiversidade (SISBio) do ICMBio,ICMBio | Instituto Chico Mendes de Conservação da Biodiversidade,HUMAN_OBSERVATION,,,"""{""""categoria_ameaca"""" : {""""co_ameaca_oficial"""" : null, """"ds_ameaca_oficial"""" : null, """"co_ameaca_nao_oficial"""" : null, """"ds_ameaca_nao_oficial"""" : null}, """"sensivel"""" : {""""in_sensivel"""" : false, """"data"""" : null}, """"carencia"""" : """"2016-12-09"""", """"nome_comum"""" : null, """"dynamicProperties"""" : null}""",404767,10729,,Mariluce Rezende Messias,,1.0,,,,,,,,,,,,,PRESENT,,Depositado em coleção/museu,,,,,,,,,,,,,,,,,,,,,2011-12-11T00:00,,345.0,345.0,2011.0,12.0,11.0,,,Coleta de espécimes,,,,,,,,,SOUTH_AMERICA,,,,BR,Amazonas,,Canutama,,,,,,,,,Fora de UC Federal,-8.2016409,-64.0594859,,,,,,,,,,,,,Coordenada de referência da área amostrada,,,,,,,,,,,,,,,,,,,,,,,,,,,,,12728,12728.0,,1722.0,,,,,"Lagothrix cana (É.Geoffroy Saint-Hilaire, 1812)",,Lagothrix,,,,,Lagothrix cana|Lagothrix|Atelidae|Primates|Mammalia|Chordata|Animalia,Animalia,Chordata,Mammalia,Primates,,Atelidae,,,,Lagothrix,Lagothrix,,,cana,,,SPECIES,,,,SYNONYM,,,ffe38a37-d659-4b1a-a935-5a5264e3cc0a,BR,2026-09-07T07:05:52.635Z,,,,,,COORDINATE_REPROJECTED;CONTINENT_DERIVED_FROM_COORDINATES;OCCURRENCE_STATUS_INFERRED_FROM_INDIVIDUAL_COUNT;SCIENTIFIC_NAME_ID_NOT_FOUND;TAXON_ID_NOT_FOUND,,,,True,False,9205754,5786086,1,44,359,798,,3239607,,,,2436656,,5786085,Lagothrix lagothricha,"Lagothrix lagothricha cana (É.Geoffroy Saint-Hilaire, 1812)",Lagothrix cana,,EML,2026-09-07T07:05:52.635Z,2026-09-07T06:56:32.879Z,,False,,False,LATIN_AMERICA,LATIN_AMERICA,SISBIO-Portaria-748-2022,BRA,Brazil,BRA.4_1,Amazonas,BRA.4.16_2,Canutama,,,,MANTER_COM_RESSALVA,incerteza de coordenada nao informada
6511314770,2022-12-30,,,CC_BY_4_0,,,,SISBIO | Sistema de Autorização e Informação em Biodiversidade,,,,,ICMBio,Dados de Pesquisa SISBio,ICMBio;Dados de ocorrência de espécies do Sistema de Autorização e Informações de Biodiversidade (SISBio) do ICMBio,ICMBio | Instituto Chico Mendes de Conservação da Biodiversidade,HUMAN_OBSERVATION,,,"""{""""categoria_ameaca"""" : {""""co_ameaca_oficial"""" : null, """"ds_ameaca_oficial"""" : null, """"co_ameaca_nao_oficial"""" : null, """"ds_ameaca_nao_oficial"""" : null}, """"sensivel"""" : {""""in_sensivel"""" : false, """"data"""" : null}, """"carencia"""" : """"2022-12-30"""", """"nome_comum"""" : null, """"dynamicProperties"""" : null}""",740389,10188,,JEAN PHILIPPE BOUBLI,,3.0,,,,,,,,,,,,,PRESENT,,Depositado em coleção/museu,,,,,,,,,,,,,,,,,,,,,2014-09-01T00:00,,244.0,244.0,2014.0,9.0,1.0,,,Coleta de espécimes,,,,,,,,,SOUTH_AMERICA,,,,BR,Amazonas,,Japurá,,,,,,,,,Fora de UC Federal,-1.846111,-69.024722,,,,,,,,,,,,,Coordenada de referência da área amostrada,,,,,,,,,,,,,,,,,,,,,,,,,,,,,12728,12728.0,,1722.0,,,,,"Lagothrix cana (É.Geoffroy Saint-Hilaire, 1812)",,Lagothrix,,,,,Lagothrix cana|Lagothrix|Atelidae|Primates|Mammalia|Chordata|Animalia,Animalia,Chordata,Mammalia,Primates,,Atelidae,,,,Lagothrix,Lagothrix,,,cana,,,SPECIES,,,,SYNONYM,,,ffe38a37-d659-4b1a-a935-5a5264e3cc0a,BR,2026-09-07T07:05:35.928Z,,,,,,CONTINENT_DERIVED_FROM_COORDINATES;OCCURRENCE_STATUS_INFERRED_FROM_INDIVIDUAL_COUNT;TAXON_ID_NOT_FOUND;SCIENTIFIC_NAME_ID_NOT_FOUND,,,,True,False,9205754,5786086,1,44,359,798,,3239607,,,,2436656,,5786085,Lagothrix lagothricha,"Lagothrix lagothricha cana (É.Geoffroy Saint-Hilaire, 1812)",Lagothrix cana,,EML,2026-09-07T07:05:35.928Z,2026-09-07T06:56:32.879Z,,False,,False,LATIN_AMERICA,LATIN_AMERICA,SISBIO-Portaria-748-2022,BRA,Brazil,BRA.4_1,Amazonas,BRA.4.32_2,Japurá,,,,MANTER_COM_RESSALVA,incerteza de coordenada nao informada
6511279038,2024-08-01,,,CC_BY_4_0,,,,SISBIO | Sistema de Autorização e Informação em Biodiversidade,,,,,ICMBio,Dados de Pesquisa SISBio,ICMBio;Dados de ocorrência de espécies do Sistema de Autorização e Informações de Biodiversidade (SISBio) do ICMBio,ICMBio | Instituto Chico Mendes de Conservação da Biodiversidade,HUMAN_OBSERVATION,,,"""{""""categoria_ameaca"""" : {""""co_ameaca_oficial"""" : null, """"ds_ameaca_oficial"""" : null, """"co_ameaca_nao_oficial"""" : null, """"ds_ameaca_nao_oficial"""" : null}, """"sensivel"""" : {""""in_sensivel"""" : false, """"data"""" : null}, """"carencia"""" : """"2024-08-01"""", """"nome_comum"""" : null, """"dynamicProperties"""" : null}""",1313097,14939,,João Valsecchi do Amaral,,1.0,,,,,,,,,,,,,PRESENT,,Depositado em coleção/museu,,,,,,,,,,,,,,,,,,,,,2018-07-28T00:00,,209.0,209.0,2018.0,7.0,28.0,,,Coleta de espécimes,,,,,,CNUC_230,,,SOUTH_AMERICA,,,,BR,Amazonas,,,,,,,,,,,Dentro de UC Federal,-3.825111,-66.077083,,,,,,,,,,,,,Coordenada de referência da área amostrada,,,,,,,,,,,,,,,,,,,,,,,,,,,,,12728,12728.0,,1722.0,,,,,"Lagothrix cana (É.Geoffroy Saint-Hilaire, 1812)",,Lagothrix,,,,,Lagothrix cana|Lagothrix|Atelidae|Primates|Mammalia|Chordata|Animalia,Animalia,Chordata,Mammalia,Primates,,Atelidae,,,,Lagothrix,Lagothrix,,,cana,,,SPECIES,,,,SYNONYM,,,ffe38a37-d659-4b1a-a935-5a5264e3cc0a,BR,2026-09-07T07:05:38.316Z,,,,,,CONTINENT_DERIVED_FROM_COORDINATES;OCCURRENCE_STATUS_INFERRED_FROM_INDIVIDUAL_COUNT;SCIENTIFIC_NAME_ID_NOT_FOUND;TAXON_ID_NOT_FOUND,,,,True,False,9205754,5786086,1,44,359,798,,3239607,,,,2436656,,5786085,Lagothrix lagothricha,"Lagothrix lagothricha cana (É.Geoffroy Saint-Hilaire, 1812)",Lagothrix cana,,EML,2026-09-07T07:05:38.316Z,2026-09-07T06:56:32.879Z,,False,,False,LATIN_AMERICA,LATIN_AMERICA,SISBIO-Portaria-748-2022,BRA,Brazil,BRA.4_1,Amazonas,BRA.4.33_2,Juruá,,,,MANTER_COM_RESSALVA,possivel duplicata (mesma coordenada/data/coletor) - conferir antes de modelar
6511243684,2017-12-07,,,CC_BY_4_0,,,,SISBIO | Sistema de Autorização e Informação em Biodiversidade,,,,,ICMBio,Dados de Pesquisa SISBio,ICMBio;Dados de ocorrência de espécies do Sistema de Autorização e Informações de Biodiversidade (SISBio) do ICMBio,ICMBio | Instituto Chico Mendes de Conservação da Biodiversidade,HUMAN_OBSERVATION,,,"""{""""categoria_ameaca"""" : {""""co_ameaca_oficial"""" : null, """"ds_ameaca_oficial"""" : null, """"co_ameaca_nao_oficial"""" : null, """"ds_ameaca_nao_oficial"""" : null}, """"sensivel"""" : {""""in_sensivel"""" : false, """"data"""" : null}, """"carencia"""" : """"2017-12-07"""", """"nome_comum"""" : null, """"dynamicProperties"""" : null}""",994620,19637,,Renata Bocorny De Azevedo,,3.0,,,,,,,,,,,,,PRESENT,,Solto/mantido na natureza,,,,,,,,,,,,,,,,,,,,,2015-11-30T00:00,,334.0,334.0,2015.0,11.0,30.0,,,Avistamento/Observação,,,,,,CNUC_208,,,SOUTH_AMERICA,,,,BR,Rondônia,,,,,,,,,,,Dentro de UC Federal,-9.4735,-61.6665,,,,,,,,,,,,,Coordenada exata da ocorrência,,,,,,,,,,,,,,,,,,,,,,,,,,,,,12728,12728.0,,1722.0,,,,,"Lagothrix cana (É.Geoffroy Saint-Hilaire, 1812)",,Lagothrix,,,,,Lagothrix cana|Lagothrix|Atelidae|Primates|Mammalia|Chordata|Animalia,Animalia,Chordata,Mammalia,Primates,,Atelidae,,,,Lagothrix,Lagothrix,,,cana,,,SPECIES,,,,SYNONYM,,,ffe38a37-d659-4b1a-a935-5a5264e3cc0a,BR,2026-09-07T07:05:48.927Z,,,,,,CONTINENT_DERIVED_FROM_COORDINATES;OCCURRENCE_STATUS_INFERRED_FROM_INDIVIDUAL_COUNT;SCIENTIFIC_NAME_ID_NOT_FOUND;TAXON_ID_NOT_FOUND,,,,True,False,9205754,5786086,1,44,359,798,,3239607,,,,2436656,,5786085,Lagothrix lagothricha,"Lagothrix lagothricha cana (É.Geoffroy Saint-Hilaire, 1812)",Lagothrix cana,,EML,2026-09-07T07:05:48.927Z,2026-09-07T06:56:32.879Z,,False,,False,LATIN_AMERICA,LATIN_AMERICA,SISBIO-Portaria-748-2022,BRA,Brazil,BRA.22_1,Rondônia,BRA.22.50_2,Vale do Anari,,,,MANTER_COM_RESSALVA,incerteza de coordenada nao informada
6511216306,2016-12-09,,,CC_BY_4_0,,,,SISBIO | Sistema de Autorização e Informação em Biodiversidade,,,,,ICMBio,Dados de Pesquisa SISBio,ICMBio;Dados de ocorrência de espécies do Sistema de Autorização e Informações de Biodiversidade (SISBio) do ICMBio,ICMBio | Instituto Chico Mendes de Conservação da Biodiversidade,HUMAN_OBSERVATION,,,"""{""""categoria_ameaca"""" : {""""co_ameaca_oficial"""" : null, """"ds_ameaca_oficial"""" : null, """"co_ameaca_nao_oficial"""" : null, """"ds_ameaca_nao_oficial"""" : null}, """"sensivel"""" : {""""in_sensivel"""" : false, """"data"""" : null}, """"carencia"""" : """"2016-12-09"""", """"nome_comum"""" : null, """"dynamicProperties"""" : null}""",404783,10729,,Mariluce Rezende Messias,,1.0,,,,,,,,,,,,,PRESENT,,Depositado em coleção/museu,,,,,,,,,,,,,,,,,,,,,2011-11-13T00:00,,317.0,317.0,2011.0,11.0,13.0,,,Coleta de espécimes,,,,,,,,,SOUTH_AMERICA,,,,BR,Rondônia,,Machadinho D'Oeste,,,,,,,,,Fora de UC Federal,-8.6438819,-62.3666977,,,,,,,,,,,,,Coordenada de referência da área amostrada,,,,,,,,,,,,,,,,,,,,,,,,,,,,,12728,12728.0,,1722.0,,,,,"Lagothrix cana (É.Geoffroy Saint-Hilaire, 1812)",,Lagothrix,,,,,Lagothrix cana|Lagothrix|Atelidae|Primates|Mammalia|Chordata|Animalia,Animalia,Chordata,Mammalia,Primates,,Atelidae,,,,Lagothrix,Lagothrix,,,cana,,,SPECIES,,,,SYNONYM,,,ffe38a37-d659-4b1a-a935-5a5264e3cc0a,BR,2026-09-07T07:05:52.535Z,,,,,,COORDINATE_REPROJECTED;CONTINENT_DERIVED_FROM_COORDINATES;OCCURRENCE_STATUS_INFERRED_FROM_INDIVIDUAL_COUNT;SCIENTIFIC_NAME_ID_NOT_FOUND;TAXON_ID_NOT_FOUND,,,,True,False,9205754,5786086,1,44,359,798,,3239607,,,,2436656,,5786085,Lagothrix lagothricha,"Lagothrix lagothricha cana (É.Geoffroy Saint-Hilaire, 1812)",Lagothrix cana,,EML,2026-09-07T07:05:52.535Z,2026-09-07T06:56:32.879Z,,False,,False,LATIN_AMERICA,LATIN_AMERICA,SISBIO-Portaria-748-2022,BRA,Brazil,BRA.22_1,Rondônia,BRA.22.37_2,Porto Velho,,,,MANTER_COM_RESSALVA,incerteza de coordenada nao informada
6511184503,2017-12-07,,,CC_BY_4_0,,,,SISBIO | Sistema de Autorização e Informação em Biodiversidade,,,,,ICMBio,Dados de Pesquisa SISBio,ICMBio;Dados de ocorrência de espécies do Sistema de Autorização e Informações de Biodiversidade (SISBio) do ICMBio,ICMBio | Instituto Chico Mendes de Conservação da Biodiversidade,HUMAN_OBSERVATION,,,"""{""""categoria_ameaca"""" : {""""co_ameaca_oficial"""" : null, """"ds_ameaca_oficial"""" : null, """"co_ameaca_nao_oficial"""" : null, """"ds_ameaca_nao_oficial"""" : null}, """"sensivel"""" : {""""in_sensivel"""" : false, """"data"""" : null}, """"carencia"""" : """"2017-12-07"""", """"nome_comum"""" : null, """"dynamicProperties"""" : null}""",994600,19637,,Renata Bocorny De Azevedo,,1.0,,,,,,,,,,,,,PRESENT,,Solto/mantido na natureza,,,,,,,,,,,,,,,,,,,,,2015-11-30T00:00,,334.0,334.0,2015.0,11.0,30.0,,,Avistamento/Observação,,,,,,CNUC_208,,,SOUTH_AMERICA,,,,BR,Rondônia,,,,,,,,,,,Dentro de UC Federal,-10.122558,-61.902792,,,,,,,,,,,,,Coordenada exata da ocorrência,,,,,,,,,,,,,,,,,,,,,,,,,,,,,12728,12728.0,,1722.0,,,,,"Lagothrix cana (É.Geoffroy Saint-Hilaire, 1812)",,Lagothrix,,,,,Lagothrix cana|Lagothrix|Atelidae|Primates|Mammalia|Chordata|Animalia,Animalia,Chordata,Mammalia,Primates,,Atelidae,,,,Lagothrix,Lagothrix,,,cana,,,SPECIES,,,,SYNONYM,,,ffe38a37-d659-4b1a-a935-5a5264e3cc0a,BR,2026-09-07T07:06:01.480Z,,,,,,CONTINENT_DERIVED_FROM_COORDINATES;OCCURRENCE_STATUS_INFERRED_FROM_INDIVIDUAL_COUNT;SCIENTIFIC_NAME_ID_NOT_FOUND;TAXON_ID_NOT_FOUND,,,,True,False,9205754,5786086,1,44,359,798,,3239607,,,,2436656,,5786085,Lagothrix lagothricha,"Lagothrix lagothricha cana (É.Geoffroy Saint-Hilaire, 1812)",Lagothrix cana,,EML,2026-09-07T07:06:01.480Z,2026-09-07T06:56:32.879Z,,False,,False,LATIN_AMERICA,LATIN_AMERICA,SISBIO-Portaria-748-2022,BRA,Brazil,BRA.22_1,Rondônia,BRA.22.24_2,Ji-Paraná,,,,MANTER_COM_RESSALVA,incerteza de coordenada nao informada
6511080944,2019-10-20,,,CC_BY_4_0,,,,SISBIO | Sistema de Autorização e Informação em Biodiversidade,,,,,ICMBio,Dados de Pesquisa SISBio,ICMBio;Dados de ocorrência de espécies do Sistema de Autorização e Informações de Biodiversidade (SISBio) do ICMBio,ICMBio | Instituto Chico Mendes de Conservação da Biodiversidade,HUMAN_OBSERVATION,,,"""{""""categoria_ameaca"""" : {""""co_ameaca_oficial"""" : null, """"ds_ameaca_oficial"""" : null, """"co_ameaca_nao_oficial"""" : null, """"ds_ameaca_nao_oficial"""" : null}, """"sensivel"""" : {""""in_sensivel"""" : false, """"data"""" : null}, """"carencia"""" : """"2019-10-20"""", """"nome_comum"""" : null, """"dynamicProperties"""" : null}""",364416,7558,,Maisa da Silva Araújo,,1.0,,,,,,,,,,,,,PRESENT,,Depositado em banco de amostras biológicas,,,,,,,,,,,,,,,,,,,,,2010-08-23T00:00,,235.0,235.0,2010.0,8.0,23.0,,,Coleta de amostras,,,,,,,,,SOUTH_AMERICA,,,,BR,Rondônia,,Porto Velho,,,,,,,,,Fora de UC Federal,-8.888889,-63.111106,,,,,,,,,,,,,Coordenada aproximada,,,,,,,,,,,,,,,,,,,,,,,,,,,,,12728,12728.0,,1722.0,,,,,"Lagothrix cana (É.Geoffroy Saint-Hilaire, 1812)",,Lagothrix,,,,,Lagothrix cana|Lagothrix|Atelidae|Primates|Mammalia|Chordata|Animalia,Animalia,Chordata,Mammalia,Primates,,Atelidae,,,,Lagothrix,Lagothrix,,,cana,,,SPECIES,,,,SYNONYM,,,ffe38a37-d659-4b1a-a935-5a5264e3cc0a,BR,2026-09-07T07:05:51.460Z,,,,,,CONTINENT_DERIVED_FROM_COORDINATES;OCCURRENCE_STATUS_INFERRED_FROM_INDIVIDUAL_COUNT;SCIENTIFIC_NAME_ID_NOT_FOUND;TAXON_ID_NOT_FOUND,,,,True,False,9205754,5786086,1,44,359,798,,3239607,,,,2436656,,5786085,Lagothrix lagothricha,"Lagothrix lagothricha cana (É.Geoffroy Saint-Hilaire, 1812)",Lagothrix cana,,EML,2026-09-07T07:05:51.460Z,2026-09-07T06:56:32.879Z,,False,,False,LATIN_AMERICA,LATIN_AMERICA,SISBIO-Portaria-748-2022,BRA,Brazil,BRA.22_1,Rondônia,BRA.22.11_2,Candeias do Jamari,,,,MANTER_COM_RESSALVA,incerteza de coordenada nao informada
6511049937,2020-04-13,,,CC_BY_4_0,,,,SISBIO | Sistema de Autorização e Informação em Biodiversidade,,,,,ICMBio,Dados de Pesquisa SISBio,ICMBio;Dados de ocorrência de espécies do Sistema de Autorização e Informações de Biodiversidade (SISBio) do ICMBio,ICMBio | Instituto Chico Mendes de Conservação da Biodiversidade,HUMAN_OBSERVATION,,,"""{""""categoria_ameaca"""" : {""""co_ameaca_oficial"""" : null, """"ds_ameaca_oficial"""" : null, """"co_ameaca_nao_oficial"""" : null, """"ds_ameaca_nao_oficial"""" : null}, """"sensivel"""" : {""""in_sensivel"""" : false, """"data"""" : null}, """"carencia"""" : """"2020-04-13"""", """"nome_comum"""" : null, """"dynamicProperties"""" : null}""",179607,5310,,Marcos De Souza Fialho,,1.0,,,,,,,,,,,,,PRESENT,,Não preenchida,,,,,,,,,,,,,,,,,,,,,2011-07-25T00:00,,206.0,206.0,2011.0,7.0,25.0,,,Avistamento/Observação,,,,,,CNUC_112,,,SOUTH_AMERICA,,,,BR,Amazonas,,,,,,,,,,,Dentro de UC Federal,-3.516667,-64.966667,,,,,,,,,,,,,Coordenada aproximada,,,,,,,,,,,,,,,,,,,,,,,,,,,,,12728,12728.0,,1722.0,,,,,"Lagothrix cana (É.Geoffroy Saint-Hilaire, 1812)",,Lagothrix,,,,,Lagothrix cana|Lagothrix|Atelidae|Primates|Mammalia|Chordata|Animalia,Animalia,Chordata,Mammalia,Primates,,Atelidae,,,,Lagothrix,Lagothrix,,,cana,,,SPECIES,,,,SYNONYM,,,ffe38a37-d659-4b1a-a935-5a5264e3cc0a,BR,2026-09-07T07:05:59.125Z,,,,,,GEODETIC_DATUM_INVALID;GEODETIC_DATUM_ASSUMED_WGS84;CONTINENT_DERIVED_FROM_COORDINATES;OCCURRENCE_STATUS_INFERRED_FROM_INDIVIDUAL_COUNT;TAXON_ID_NOT_FOUND;SCIENTIFIC_NAME_ID_NOT_FOUND,,,,True,False,9205754,5786086,1,44,359,798,,3239607,,,,2436656,,5786085,Lagothrix lagothricha,"Lagothrix lagothricha cana (É.Geoffroy Saint-Hilaire, 1812)",Lagothrix cana,,EML,2026-09-07T07:05:59.125Z,2026-09-07T06:56:32.879Z,,False,,False,LATIN_AMERICA,LATIN_AMERICA,SISBIO-Portaria-748-2022,BRA,Brazil,BRA.4_1,Amazonas,BRA.4.58_2,Tefé,,,,MANTER_COM_RESSALVA,incerteza de coordenada nao informada
6511000287,2026-07-01,,,CC_BY_4_0,,,,SISBIO | Sistema de Autorização e Informação em Biodiversidade,,,,,ICMBio,Dados de Pesquisa SISBio,ICMBio;Dados de ocorrência de espécies do Sistema de Autorização e Informações de Biodiversidade (SISBio) do ICMBio,ICMBio | Instituto Chico Mendes de Conservação da Biodiversidade,HUMAN_OBSERVATION,,,"""{""""categoria_ameaca"""" : {""""co_ameaca_oficial"""" : """"VU"""", """"ds_ameaca_oficial"""" : """"Vulnerável (VU)"""", """"co_ameaca_nao_oficial"""" : """"VU"""", """"ds_ameaca_nao_oficial"""" : """"Vulnerável (VU)""""}, """"sensivel"""" : {""""in_sensivel"""" : false, """"data"""" : null}, """"carencia"""" : """"2026-07-01"""", """"nome_comum"""" : [{""""sq_nome_comum"""":904387,""""sq_taxon"""":2026088,""""de_nome_comum"""":""""Macaco-barrigudo"""",""""de_regiao"""":""""Português"""",""""in_principal"""":""""N"""",""""co_sistema"""":""""SALVE""""},{""""sq_nome_comum"""":904388,""""sq_taxon"""":2026088,""""de_nome_comum"""":""""Common woolly monkey"""",""""de_regiao"""":""""Inglês"""",""""in_principal"""":""""N"""",""""co_sistema"""":""""SALVE""""},{""""sq_nome_comum"""":904397,""""sq_taxon"""":2026088,""""de_nome_comum"""":""""Humboldt’s woolly monkey"""",""""de_regiao"""":""""Inglês"""",""""in_principal"""":""""N"""",""""co_sistema"""":""""SALVE""""},{""""sq_nome_comum"""":904398,""""sq_taxon"""":2026088,""""de_nome_comum"""":""""woolly monkey"""",""""de_regiao"""":""""Inglês"""",""""in_principal"""":""""N"""",""""co_sistema"""":""""SALVE""""},{""""sq_nome_comum"""":904399,""""sq_taxon"""":2026088,""""de_nome_comum"""":""""Churucu"""",""""de_regiao"""":""""Outros"""",""""in_principal"""":""""N"""",""""co_sistema"""":""""SALVE""""},{""""sq_nome_comum"""":904400,""""sq_taxon"""":2026088,""""de_nome_comum"""":""""macaco barrigudo"""",""""de_regiao"""":""""Outros"""",""""in_principal"""":""""N"""",""""co_sistema"""":""""SALVE""""},{""""sq_nome_comum"""":904401,""""sq_taxon"""":2026088,""""de_nome_comum"""":""""mono barrigudo"""",""""de_regiao"""":""""Outros"""",""""in_principal"""":""""N"""",""""co_sistema"""":""""SALVE""""},{""""sq_nome_comum"""":904402,""""sq_taxon"""":2026088,""""de_nome_comum"""":""""mono caparro"""",""""de_regiao"""":""""Outros"""",""""in_principal"""":""""N"""",""""co_sistema"""":""""SALVE""""},{""""sq_nome_comum"""":904403,""""sq_taxon"""":2026088,""""de_nome_comum"""":""""mono lanudo común"""",""""de_regiao"""":""""Outros"""",""""in_principal"""":""""N"""",""""co_sistema"""":""""SALVE""""},{""""sq_nome_comum"""":906284,""""sq_taxon"""":2026088,""""de_nome_comum"""":""""Peruvian Woolly Monkey"""",""""de_regiao"""":""""Inglês"""",""""in_principal"""":""""N"""",""""co_sistema"""":""""SALVE""""},{""""sq_nome_comum"""":906285,""""sq_taxon"""":2026088,""""de_nome_comum"""":""""Choro"""",""""de_regiao"""":""""Espanhol"""",""""in_principal"""":""""N"""",""""co_sistema"""":""""SALVE""""},{""""sq_nome_comum"""":908495,""""sq_taxon"""":2026088,""""de_nome_comum"""":""""Macaco-barrigudo"""",""""de_regiao"""":""""Potuguês"""",""""in_principal"""":""""N"""",""""co_sistema"""":""""SALVE""""},{""""sq_nome_comum"""":908496,""""sq_taxon"""":2026088,""""de_nome_comum"""":""""Mono Barrigudo"""",""""de_regiao"""":""""Espanhol"""",""""in_principal"""":""""N"""",""""co_sistema"""":""""SALVE""""},{""""sq_nome_comum"""":908498,""""sq_taxon"""":2026088,""""de_nome_comum"""":""""Macaco-barrigudo-prateado"""",""""de_regiao"""":""""Português"""",""""in_principal"""":""""N"""",""""co_sistema"""":""""SALVE""""},{""""sq_nome_comum"""":908501,""""sq_taxon"""":2026088,""""de_nome_comum"""":""""Caparro"""",""""de_regiao"""":""""Espanhol"""",""""in_principal"""":""""N"""",""""co_sistema"""":""""SALVE""""},{""""sq_nome_comum"""":908583,""""sq_taxon"""":2026088,""""de_nome_comum"""":""""Common woolly monkey"""",""""de_regiao"""":""""Inglês"""",""""in_principal"""":""""N"""",""""co_sistema"""":""""SALVE""""},{""""sq_nome_comum"""":908584,""""sq_taxon"""":2026088,""""de_nome_comum"""":""""Humboldt’s woolly monkey"""",""""de_regiao"""":""""Inglês"""",""""in_principal"""":""""N"""",""""co_sistema"""":""""SALVE""""},{""""sq_nome_comum"""":908585,""""sq_taxon"""":2026088,""""de_nome_comum"""":""""Mono caparro"""",""""de_regiao"""":""""Espanhol"""",""""in_principal"""":""""N"""",""""co_sistema"""":""""SALVE""""},{""""sq_nome_comum"""":908586,""""sq_taxon"""":2026088,""""de_nome_comum"""":""""Poeppig’s woolly monkey"""",""""de_regiao"""":""""Inglês"""",""""in_principal"""":""""N"""",""""co_sistema"""":""""SALVE""""},{""""sq_nome_comum"""":908587,""""sq_taxon"""":2026088,""""de_nome_comum"""":""""Lowland Wolly Monkey"""",""""de_regiao"""":""""Inglês"""",""""in_principal"""":""""N"""",""""co_sistema"""":""""SALVE""""},{""""sq_nome_comum"""":914553,""""sq_taxon"""":2026088,""""de_nome_comum"""":""""Macaco lanudo"""",""""de_regiao"""":""""Tribo Xingu"""",""""in_principal"""":""""N"""",""""co_sistema"""":""""SALVE""""},{""""sq_nome_comum"""":917981,""""sq_taxon"""":2026088,""""de_nome_comum"""":""""Geoffroy`s Woolly Monkey"""",""""de_regiao"""":""""Inglês"""",""""in_principal"""":""""N"""",""""co_sistema"""":""""SALVE""""},{""""sq_nome_comum"""":917982,""""sq_taxon"""":2026088,""""de_nome_comum"""":""""Woolly monkey"""",""""de_regiao"""":""""Inglês"""",""""in_principal"""":""""N"""",""""co_sistema"""":""""SALVE""""},{""""sq_nome_comum"""":917983,""""sq_taxon"""":2026088,""""de_nome_comum"""":""""Mono lanudo común"""",""""de_regiao"""":""""Espanhol"""",""""in_principal"""":""""N"""",""""co_sistema"""":""""SALVE""""},{""""sq_nome_comum"""":917984,""""sq_taxon"""":2026088,""""de_nome_comum"""":""""Silvery Woolly Monkey"""",""""de_regiao"""":""""Inglês"""",""""in_principal"""":""""N"""",""""co_sistema"""":""""SALVE""""},{""""sq_nome_comum"""":921074,""""sq_taxon"""":2026088,""""de_nome_comum"""":""""Churucu"""",""""de_regiao"""":""""Espanhol"""",""""in_principal"""":""""N"""",""""co_sistema"""":""""SALVE""""}], """"dynamicProperties"""" : null}""",1943057,33400,,TOM ADNET MOURA,,1.0,,,,,,,,,,,,,PRESENT,,Solto/mantido na natureza,,,,,,,,,,,,,,,,,,,,,2022-07-01T00:00,,182.0,182.0,2022.0,7.0,1.0,,,Captação de imagem,,,,,,CNUC_121,,,SOUTH_AMERICA,,,,BR,Amazonas,,,,,,,,,,,Dentro de UC Federal,-8.286064,-67.557538,,,,,,,,,,,,,Coordenada de referência da área amostrada,,,,,,,,,,,,,,,,,,,,,,,,,,,,,2026088,2026088.0,,1722.0,,,,,"Lagothrix lagothricha (Humboldt, 1812)",,Lagothrix,,,,,Lagothrix lagothricha|Lagothrix|Atelidae|Primates|Mammalia|Chordata|Animalia,Animalia,Chordata,Mammalia,Primates,,Atelidae,,,,Lagothrix,Lagothrix,,,lagothricha,,,SPECIES,,,,ACCEPTED,,,ffe38a37-d659-4b1a-a935-5a5264e3cc0a,BR,2026-09-07T07:05:26.759Z,,,,,,CONTINENT_DERIVED_FROM_COORDINATES;OCCURRENCE_STATUS_INFERRED_FROM_INDIVIDUAL_COUNT;TAXON_ID_NOT_FOUND;SCIENTIFIC_NAME_ID_NOT_FOUND,,,,True,False,5786085,5786085,1,44,359,798,,3239607,,,,2436656,,5786085,Lagothrix lagothricha,"Lagothrix lagothricha (Humboldt, 1812)",Lagothrix lagothricha,,EML,2026-09-07T07:05:26.759Z,2026-09-07T06:56:32.879Z,,False,,False,LATIN_AMERICA,LATIN_AMERICA,SISBIO-Portaria-748-2022,BRA,Brazil,BRA.4_1,Amazonas,BRA.4.47_2,Pauini,,,VU,MANTER_COM_RESSALVA,incerteza de coordenada nao informada
6510933643,2020-04-13,,,CC_BY_4_0,,,,SISBIO | Sistema de Autorização e Informação em Biodiversidade,,,,,ICMBio,Dados de Pesquisa SISBio,ICMBio;Dados de ocorrência de espécies do Sistema de Autorização e Informações de Biodiversidade (SISBio) do ICMBio,ICMBio | Instituto Chico Mendes de Conservação da Biodiversidade,HUMAN_OBSERVATION,,,"""{""""categoria_ameaca"""" : {""""co_ameaca_oficial"""" : null, """"ds_ameaca_oficial"""" : null, """"co_ameaca_nao_oficial"""" : null, """"ds_ameaca_nao_oficial"""" : null}, """"sensivel"""" : {""""in_sensivel"""" : false, """"data"""" : null}, """"carencia"""" : """"2020-04-13"""", """"nome_comum"""" : null, """"dynamicProperties"""" : null}""",180052,5310,,Marcos De Souza Fialho,,1.0,,,,,,,,,,,,,PRESENT,,Não preenchida,,,,,,,,,,,,,,,,,,,,,2011-09-01T00:00,,244.0,244.0,2011.0,9.0,1.0,,,Avistamento/Observação,,,,,,CNUC_121,,,SOUTH_AMERICA,,,,BR,Amazonas,,,,,,,,,,,Dentro de UC Federal,-8.027778,-68.069167,,,,,,,,,,,,,Coordenada aproximada,,,,,,,,,,,,,,,,,,,,,,,,,,,,,12728,12728.0,,1722.0,,,,,"Lagothrix cana (É.Geoffroy Saint-Hilaire, 1812)",,Lagothrix,,,,,Lagothrix cana|Lagothrix|Atelidae|Primates|Mammalia|Chordata|Animalia,Animalia,Chordata,Mammalia,Primates,,Atelidae,,,,Lagothrix,Lagothrix,,,cana,,,SPECIES,,,,SYNONYM,,,ffe38a37-d659-4b1a-a935-5a5264e3cc0a,BR,2026-09-07T07:06:00.030Z,,,,,,GEODETIC_DATUM_INVALID;GEODETIC_DATUM_ASSUMED_WGS84;CONTINENT_DERIVED_FROM_COORDINATES;OCCURRENCE_STATUS_INFERRED_FROM_INDIVIDUAL_COUNT;SCIENTIFIC_NAME_ID_NOT_FOUND;TAXON_ID_NOT_FOUND,,,,True,False,9205754,5786086,1,44,359,798,,3239607,,,,2436656,,5786085,Lagothrix lagothricha,"Lagothrix lagothricha cana (É.Geoffroy Saint-Hilaire, 1812)",Lagothrix cana,,EML,2026-09-07T07:06:00.030Z,2026-09-07T06:56:32.879Z,,False,,False,LATIN_AMERICA,LATIN_AMERICA,SISBIO-Portaria-748-2022,BRA,Brazil,BRA.4_1,Amazonas,BRA.4.47_2,Pauini,,,,MANTER_COM_RESSALVA,incerteza de coordenada nao informada
6510857753,2020-03-28,,,CC_BY_4_0,,,,SISBIO | Sistema de Autorização e Informação em Biodiversidade,,,,,ICMBio,Dados de Pesquisa SISBio,ICMBio;Dados de ocorrência de espécies do Sistema de Autorização e Informações de Biodiversidade (SISBio) do ICMBio,ICMBio | Instituto Chico Mendes de Conservação da Biodiversidade,HUMAN_OBSERVATION,,,"""{""""categoria_ameaca"""" : {""""co_ameaca_oficial"""" : null, """"ds_ameaca_oficial"""" : null, """"co_ameaca_nao_oficial"""" : null, """"ds_ameaca_nao_oficial"""" : null}, """"sensivel"""" : {""""in_sensivel"""" : false, """"data"""" : null}, """"carencia"""" : """"2020-03-28"""", """"nome_comum"""" : null, """"dynamicProperties"""" : null}""",1217124,14939,,João Valsecchi do Amaral,,1.0,,,,,,,,,,,,,PRESENT,,Depositado em coleção/museu,,,,,,,,,,,,,,,,,,,,,2017-06-07T00:00,,158.0,158.0,2017.0,6.0,7.0,,,Coleta de espécimes,,,,,,CNUC_72,,,SOUTH_AMERICA,,,,BR,Amazonas,,,,,,,,,,,Dentro de UC Federal,-1.962472,-67.933944,,,,,,,,,,,,,Coordenada de referência da área amostrada,,,,,,,,,,,,,,,,,,,,,,,,,,,,,12726,12726.0,,1722.0,,,,,"Lagothrix lagothricha (Humboldt, 1812)",,Lagothrix,,,,,Lagothrix lagotricha|Lagothrix|Atelidae|Primates|Mammalia|Chordata|Animalia,Animalia,Chordata,Mammalia,Primates,,Atelidae,,,,Lagothrix,Lagothrix,,,lagothricha,,,SPECIES,,,,ACCEPTED,,,ffe38a37-d659-4b1a-a935-5a5264e3cc0a,BR,2026-09-07T07:05:27.264Z,,,,,,CONTINENT_DERIVED_FROM_COORDINATES;OCCURRENCE_STATUS_INFERRED_FROM_INDIVIDUAL_COUNT;SCIENTIFIC_NAME_ID_NOT_FOUND;TAXON_ID_NOT_FOUND;TAXON_MATCH_FUZZY,,,,True,False,5786085,5786085,1,44,359,798,,3239607,,,,2436656,,5786085,Lagothrix lagothricha,"Lagothrix lagothricha (Humboldt, 1812)",Lagothrix lagotricha,,EML,2026-09-07T07:05:27.264Z,2026-09-07T06:56:32.879Z,,False,,False,LATIN_AMERICA,LATIN_AMERICA,SISBIO-Portaria-748-2022,BRA,Brazil,BRA.4_1,Amazonas,BRA.4.32_2,Japurá,,,VU,MANTER_COM_RESSALVA,incerteza de coordenada nao informada
6510849059,2016-12-09,,,CC_BY_4_0,,,,SISBIO | Sistema de Autorização e Informação em Biodiversidade,,,,,ICMBio,Dados de Pesquisa SISBio,ICMBio;Dados de ocorrência de espécies do Sistema de Autorização e Informações de Biodiversidade (SISBio) do ICMBio,ICMBio | Instituto Chico Mendes de Conservação da Biodiversidade,HUMAN_OBSERVATION,,,"""{""""categoria_ameaca"""" : {""""co_ameaca_oficial"""" : null, """"ds_ameaca_oficial"""" : null, """"co_ameaca_nao_oficial"""" : null, """"ds_ameaca_nao_oficial"""" : null}, """"sensivel"""" : {""""in_sensivel"""" : false, """"data"""" : null}, """"carencia"""" : """"2016-12-09"""", """"nome_comum"""" : null, """"dynamicProperties"""" : null}""",404787,10729,,Mariluce Rezende Messias,,3.0,,,,,,,,,,,,,PRESENT,,Depositado em coleção/museu,,,,,,,,,,,,,,,,,,,,,2011-08-01T00:00,,213.0,213.0,2011.0,8.0,1.0,,,Coleta de espécimes,,,,,,,,,SOUTH_AMERICA,,,,BR,Rondônia,,Pimenta Bueno,,,,,,,,,Fora de UC Federal,-12.0040963,-60.6681428,,,,,,,,,,,,,Coordenada aproximada,,,,,,,,,,,,,,,,,,,,,,,,,,,,,12728,12728.0,,1722.0,,,,,"Lagothrix cana (É.Geoffroy Saint-Hilaire, 1812)",,Lagothrix,,,,,Lagothrix cana|Lagothrix|Atelidae|Primates|Mammalia|Chordata|Animalia,Animalia,Chordata,Mammalia,Primates,,Atelidae,,,,Lagothrix,Lagothrix,,,cana,,,SPECIES,,,,SYNONYM,,,ffe38a37-d659-4b1a-a935-5a5264e3cc0a,BR,2026-09-07T07:05:55.538Z,,,,,,COORDINATE_REPROJECTED;CONTINENT_DERIVED_FROM_COORDINATES;OCCURRENCE_STATUS_INFERRED_FROM_INDIVIDUAL_COUNT;SCIENTIFIC_NAME_ID_NOT_FOUND;TAXON_ID_NOT_FOUND,,,,True,False,9205754,5786086,1,44,359,798,,3239607,,,,2436656,,5786085,Lagothrix lagothricha,"Lagothrix lagothricha cana (É.Geoffroy Saint-Hilaire, 1812)",Lagothrix cana,,EML,2026-09-07T07:05:55.538Z,2026-09-07T06:56:32.879Z,,False,,False,LATIN_AMERICA,LATIN_AMERICA,SISBIO-Portaria-748-2022,BRA,Brazil,BRA.22_1,Rondônia,BRA.22.35_2,Pimenta Bueno,,,,MANTER_COM_RESSALVA,incerteza de coordenada nao informada
6510328336,2022-03-05,,,CC_BY_4_0,,,,SISBIO | Sistema de Autorização e Informação em Biodiversidade,,,,,ICMBio,Dados de Pesquisa SISBio,ICMBio;Dados de ocorrência de espécies do Sistema de Autorização e Informações de Biodiversidade (SISBio) do ICMBio,ICMBio | Instituto Chico Mendes de Conservação da Biodiversidade,HUMAN_OBSERVATION,,,"""{""""categoria_ameaca"""" : {""""co_ameaca_oficial"""" : null, """"ds_ameaca_oficial"""" : null, """"co_ameaca_nao_oficial"""" : null, """"ds_ameaca_nao_oficial"""" : null}, """"sensivel"""" : {""""in_sensivel"""" : false, """"data"""" : null}, """"carencia"""" : """"2022-03-05"""", """"nome_comum"""" : null, """"dynamicProperties"""" : null}""",829529,17416,,Gerson Buss,,1.0,,,,,,,,,,,,,PRESENT,,Solto/mantido na natureza,,,,,,,,,,,,,,,,,,,,,2014-11-18T00:00,,322.0,322.0,2014.0,11.0,18.0,,,Avistamento/Observação,,,,,,CNUC_1633,,,SOUTH_AMERICA,,,,BR,Rondônia,,,,,,,,,,,Dentro de UC Federal,-9.402028,-65.077028,,,,,,,,,,,,,Coordenada de referência da área amostrada,,,,,,,,,,,,,,,,,,,,,,,,,,,,,12728,12728.0,,1722.0,,,,,"Lagothrix cana (É.Geoffroy Saint-Hilaire, 1812)",,Lagothrix,,,,,Lagothrix cana|Lagothrix|Atelidae|Primates|Mammalia|Chordata|Animalia,Animalia,Chordata,Mammalia,Primates,,Atelidae,,,,Lagothrix,Lagothrix,,,cana,,,SPECIES,,,,SYNONYM,,,ffe38a37-d659-4b1a-a935-5a5264e3cc0a,BR,2026-09-07T07:05:42.514Z,,,,,,CONTINENT_DERIVED_FROM_COORDINATES;OCCURRENCE_STATUS_INFERRED_FROM_INDIVIDUAL_COUNT;SCIENTIFIC_NAME_ID_NOT_FOUND;TAXON_ID_NOT_FOUND,,,,True,False,9205754,5786086,1,44,359,798,,3239607,,,,2436656,,5786085,Lagothrix lagothricha,"Lagothrix lagothricha cana (É.Geoffroy Saint-Hilaire, 1812)",Lagothrix cana,,EML,2026-09-07T07:05:42.514Z,2026-09-07T06:56:32.879Z,,False,,False,LATIN_AMERICA,LATIN_AMERICA,SISBIO-Portaria-748-2022,BRA,Brazil,BRA.22_1,Rondônia,BRA.22.37_2,Porto Velho,,,,MANTER_COM_RESSALVA,incerteza de coordenada nao informada
6510308865,2023-12-01,,,CC_BY_4_0,,,,SISBIO | Sistema de Autorização e Informação em Biodiversidade,,,,,ICMBio,Dados de Pesquisa SISBio,ICMBio;Dados de ocorrência de espécies do Sistema de Autorização e Informações de Biodiversidade (SISBio) do ICMBio,ICMBio | Instituto Chico Mendes de Conservação da Biodiversidade,HUMAN_OBSERVATION,,,"""{""""categoria_ameaca"""" : {""""co_ameaca_oficial"""" : null, """"ds_ameaca_oficial"""" : null, """"co_ameaca_nao_oficial"""" : null, """"ds_ameaca_nao_oficial"""" : null}, """"sensivel"""" : {""""in_sensivel"""" : false, """"data"""" : null}, """"carencia"""" : """"2023-12-01"""", """"nome_comum"""" : null, """"dynamicProperties"""" : null}""",1556174,29070,,Ricardo Sampaio,,10.0,,,,,,,,,,,,,PRESENT,,Depositado em coleção/museu,,,,,,,,,,,,,,,,,,,,,2018-07-01T00:00,,182.0,182.0,2018.0,7.0,1.0,,,Coleta de amostras,,,,,,CNUC_1606,,,SOUTH_AMERICA,,,,BR,Amazonas,,,,,,,,,,,Dentro de UC Federal,-7.61353,-65.60058,,,,,,,,,,,,,Coordenada exata da ocorrência,,,,,,,,,,,,,,,,,,,,,,,,,,,,,12728,12728.0,,1722.0,,,,,"Lagothrix cana (É.Geoffroy Saint-Hilaire, 1812)",,Lagothrix,,,,,Lagothrix cana|Lagothrix|Atelidae|Primates|Mammalia|Chordata|Animalia,Animalia,Chordata,Mammalia,Primates,,Atelidae,,,,Lagothrix,Lagothrix,,,cana,,,SPECIES,,,,SYNONYM,,,ffe38a37-d659-4b1a-a935-5a5264e3cc0a,BR,2026-09-07T07:05:09.317Z,,,,,,CONTINENT_DERIVED_FROM_COORDINATES;OCCURRENCE_STATUS_INFERRED_FROM_INDIVIDUAL_COUNT;SCIENTIFIC_NAME_ID_NOT_FOUND;TAXON_ID_NOT_FOUND,,,,True,False,9205754,5786086,1,44,359,798,,3239607,,,,2436656,,5786085,Lagothrix lagothricha,"Lagothrix lagothricha cana (É.Geoffroy Saint-Hilaire, 1812)",Lagothrix cana,,EML,2026-09-07T07:05:09.317Z,2026-09-07T06:56:32.879Z,,False,,False,LATIN_AMERICA,LATIN_AMERICA,SISBIO-Portaria-748-2022,BRA,Brazil,BRA.4_1,Amazonas,BRA.4.35_2,Lábrea,,,,MANTER_COM_RESSALVA,incerteza de coordenada nao informada
6510294098,2023-12-01,,,CC_BY_4_0,,,,SISBIO | Sistema de Autorização e Informação em Biodiversidade,,,,,ICMBio,Dados de Pesquisa SISBio,ICMBio;Dados de ocorrência de espécies do Sistema de Autorização e Informações de Biodiversidade (SISBio) do ICMBio,ICMBio | Instituto Chico Mendes de Conservação da Biodiversidade,HUMAN_OBSERVATION,,,"""{""""categoria_ameaca"""" : {""""co_ameaca_oficial"""" : null, """"ds_ameaca_oficial"""" : null, """"co_ameaca_nao_oficial"""" : null, """"ds_ameaca_nao_oficial"""" : null}, """"sensivel"""" : {""""in_sensivel"""" : false, """"data"""" : null}, """"carencia"""" : """"2023-12-01"""", """"nome_comum"""" : null, """"dynamicProperties"""" : null}""",1556175,29070,,Ricardo Sampaio,,10.0,,,,,,,,,,,,,PRESENT,,Depositado em coleção/museu,,,,,,,,,,,,,,,,,,,,,2018-07-01T00:00,,182.0,182.0,2018.0,7.0,1.0,,,Coleta de amostras,,,,,,CNUC_1606,,,SOUTH_AMERICA,,,,BR,Amazonas,,,,,,,,,,,Dentro de UC Federal,-7.73934,-66.682716,,,,,,,,,,,,,Coordenada exata da ocorrência,,,,,,,,,,,,,,,,,,,,,,,,,,,,,12728,12728.0,,1722.0,,,,,"Lagothrix cana (É.Geoffroy Saint-Hilaire, 1812)",,Lagothrix,,,,,Lagothrix cana|Lagothrix|Atelidae|Primates|Mammalia|Chordata|Animalia,Animalia,Chordata,Mammalia,Primates,,Atelidae,,,,Lagothrix,Lagothrix,,,cana,,,SPECIES,,,,SYNONYM,,,ffe38a37-d659-4b1a-a935-5a5264e3cc0a,BR,2026-09-07T07:05:10.186Z,,,,,,CONTINENT_DERIVED_FROM_COORDINATES;OCCURRENCE_STATUS_INFERRED_FROM_INDIVIDUAL_COUNT;TAXON_ID_NOT_FOUND;SCIENTIFIC_NAME_ID_NOT_FOUND,,,,True,False,9205754,5786086,1,44,359,798,,3239607,,,,2436656,,5786085,Lagothrix lagothricha,"Lagothrix lagothricha cana (É.Geoffroy Saint-Hilaire, 1812)",Lagothrix cana,,EML,2026-09-07T07:05:10.186Z,2026-09-07T06:56:32.879Z,,False,,False,LATIN_AMERICA,LATIN_AMERICA,SISBIO-Portaria-748-2022,BRA,Brazil,BRA.4_1,Amazonas,BRA.4.35_2,Lábrea,,,,MANTER_COM_RESSALVA,incerteza de coordenada nao informada
5995533689,,,,CC_BY_NC_4_0,,,https://data.biodiversitydata.nl/xeno-canto/observation/XC959854,Dante Buzzetti,,,,,,Wildlife sounds - Land mammals,,,HUMAN_OBSERVATION,,,"""{""""recordingDevice"""":""""Sony TCM-5.000 EV K7"""",""""microphone"""":""""Sennheiser K6 + ME-67""""}""",https://data.biodiversitydata.nl/xeno-canto/observation/XC959854,XC959854,,Dante Buzzetti,,,,,,,,,"territorial call, chorus",,,,,,PRESENT,field recording,,,,,,,,,,,,,,,,,,,,,,2008-03-11,09:20,71.0,71.0,2008.0,3.0,11.0,2008-03-11,,,,,,DCB 615-18; animal seen:yes; playback used:no,,,,,SOUTH_AMERICA,,,,BR,,,,"Rio Tapajós, Apuí, Amazonas",,116 m,,,,,,,-6.98,-58.36,,,,,,,,,,,,,,,,,,,,,,,,,,,,,,,,,,,,,,,,,,,,,,,,,,"Lagothrix lagothricha cana (É.Geoffroy Saint-Hilaire, 1812)",,,,,,,Animalia|PRIMATES|Atelidae,Animalia,Chordata,Mammalia,Primates,,Atelidae,,,,Lagothrix,Lagothrix,,,lagothricha,cana,,SUBSPECIES,,Common Woolly Monkey,ICZN,ACCEPTED,,,80f94317-a61f-477f-af06-037632ad6e3b,NL,2026-07-18T15:18:34.848Z,,,,,,CONTINENT_DERIVED_FROM_COORDINATES,,,,True,False,5786086,5786086,1,44,359,798,,3239607,,,,2436656,,5786085,Lagothrix lagothricha,"Lagothrix lagothricha cana (É.Geoffroy Saint-Hilaire, 1812)",Lagothrix lagothricha cana,,DWC_ARCHIVE,2026-07-18T15:18:34.848Z,2026-07-13T16:59:12.655Z,,True,,False,LATIN_AMERICA,EUROPE,,BRA,Brazil,BRA.4_1,Amazonas,BRA.4.41_2,Maués,,,,MANTER_COM_RESSALVA,incerteza de coordenada nao informada
5862776795,,,,CC_BY_4_0,,,https://portal.boldsystems.org/record/GBAAZ28156-24,,,,,,"Mined from GenBank, NCBI",,,,MATERIAL_SAMPLE,,,,GBAAZ28156-24,IDSM03702,,,,,,,,,,,,,,,,,PRESENT,,,,,,,,,,,,,,,,,,,,,,,,,,,,,,,,,,,,,,,,,SOUTH_AMERICA,,,,BR,,,,,,,,,,,,,-6.9485,-69.7299,,,,,,,,,,,,,,,,,,,,,,,,,,,,,,,,,Lagothrix lagotricha,,,,,,,,,,,,,,,,,"Lagothrix lagothricha (Humboldt, 1812)",,,,,,,,Animalia,Chordata,Mammalia,Primates,,Atelidae,,,,Lagothrix,Lagothrix,,,lagothricha,,,SPECIES,,,,ACCEPTED,,,040c5662-da76-4782-a48e-cdea1892d14c,ZZ,2026-09-10T07:18:38.636Z,,,,,,GEODETIC_DATUM_ASSUMED_WGS84;CONTINENT_DERIVED_FROM_COORDINATES;INSTITUTION_MATCH_NONE;TAXON_MATCH_FUZZY,,,,True,False,5786085,5786085,1,44,359,798,,3239607,,,,2436656,,5786085,Lagothrix lagothricha,"Lagothrix lagothricha (Humboldt, 1812)",Lagothrix lagotricha,,DWC_ARCHIVE,2026-09-10T07:18:38.636Z,2026-09-10T06:43:19.612Z,,True,,True,LATIN_AMERICA,,,BRA,Brazil,BRA.4_1,Amazonas,BRA.4.22_2,Eirunepé,,,VU,MANTER_COM_RESSALVA,possivel duplicata (mesma coordenada/data/coletor) - conferir antes de modelar
1322352400,,,,CC0_1_0,2023-02-10T11:15:00Z,,,,,urn:lsid:biocol.org:col:34871,urn:uuid:59e56a59-8615-4e0c-841d-eb88f3876b22,,USNM,MAMM,NMNH Extant Biology,,PRESERVED_SPECIMEN,,,,http://n2t.net/ark:/65665/3e3d0d670-a1e3-4db8-8d17-c678286c0fe8,USNM 545881,A 1783,,,1.0,,,Female,,,,,,,,,,PRESENT,Skull,,,,,,,,,,,,,,,,,,,,,,1974-12-04,,338.0,338.0,1974.0,12.0,4.0,4 Dec 1974,,,,,,,,,,"South America, Brazil, Amazonas",SOUTH_AMERICA,,,,BR,Amazonas,,,"Humaita, Br. 230, Itaituba-Humaita, Km. 969, Transamazonica Hwy.",,,,,,,,,-7.52,-63.03,,,,Degrees Minutes Seconds,,,,,,,,,,,,,,,,,,,,,,,,,,,,,,,,,,,,,,,,,,,,,,"Lagothrix lagothricha (Humboldt, 1812)",,,,,,,"Animalia, Chordata, Vertebrata, Mammalia, Eutheria, Primates, Haplorrhini, Atelidae, Atelinae",Animalia,Chordata,Mammalia,Primates,,Atelidae,,,,Lagothrix,Lagothrix,,,lagothricha,,,SPECIES,,,,ACCEPTED,,,821cc27a-e3bb-4bc5-ac34-89ada245069d,US,2026-09-04T12:17:27.863Z,,,,,,GEODETIC_DATUM_ASSUMED_WGS84;OCCURRENCE_STATUS_INFERRED_FROM_INDIVIDUAL_COUNT;TAXON_MATCH_FUZZY,,,StillImage,True,False,5786085,5786085,1,44,359,798,,3239607,,,,2436656,,5786085,Lagothrix lagothricha,"Lagothrix lagothricha (Humboldt, 1812)",Lagothrix lagotricha,,EML,2026-09-04T12:17:27.863Z,2026-09-04T06:29:08.774Z,,True,,False,LATIN_AMERICA,NORTH_AMERICA,,BRA,Brazil,BRA.4_1,Amazonas,BRA.4.26_2,Humaitá,,,VU,MANTER_COM_RESSALVA,possivel duplicata (mesma coordenada/data/coletor) - conferir antes de modelar
1316534072,,,es,CC_BY_NC_4_0,,,,,Evento,860.007.386-1,,,ANDES,ANDES-PRIMATES,,,HUMAN_OBSERVATION,,,,ANDES:ANDES-PRIMATES:Primates267,Primates267,,Pablo R. Stevenson,,,,,,,,,,,,,,,PRESENT,,,,,,,,,,,,,,,,,,,,,,,2007,,,,2007.0,,,,,,,,,,,,,,SOUTH_AMERICA,,,,BR,Alto Río Negro,,,,,,,,,,,,1.075278,-69.513611,,,,,,,,,,,,,,,,,,,,,,,,,,,,,,,,,,,,,,,,,,,,,,,,,,"Lagothrix lagothricha lagothricha (Humboldt, 1812)",,,,,,,,Animalia,Chordata,Mammalia,Primates,,Atelidae,,,,Lagothrix,Lagothrix,,,lagothricha,lagothricha,,SUBSPECIES,,Churuco,,ACCEPTED,,,e307fa47-ae87-4fc9-a1a5-b1415adac8be,CO,2026-09-10T06:23:44.986Z,,,,,,COORDINATE_ROUNDED,,,,True,False,8756566,8756566,1,44,359,798,,3239607,,,,2436656,,5786085,Lagothrix lagothricha,"Lagothrix lagothricha lagothricha (Humboldt, 1812)",Lagothrix lagothricha lagothricha,,EML,2026-09-10T06:23:44.986Z,2026-09-10T06:23:26.680Z,,True,,False,LATIN_AMERICA,LATIN_AMERICA,,BRA,Brazil,BRA.4_1,Amazonas,BRA.4.52_2,São Gabriel da Cachoeira,,,,MANTER_COM_RESSALVA,incerteza de coordenada nao informada
1147132587,http://vertnet.org/resources/norms.html,,en,CC0_1_0,2015-11-04T00:00:00Z,,http://macaulaylibrary.org/audio/165727,,Sound,urn:lsid:biocol.org:col:34939,,,CLO,ML,,,MACHINE_OBSERVATION,,,,770c07ae-04d8-4835-84fc-963cc8aabbea,165727,,Michael G Harvey,,,,,,,,,call,,native,,,requires verification,PRESENT,,,,,,,,hilly terra firme forest,,,,,,,,,,,,,,,2011-07-27,,208.0,208.0,2011.0,7.0,27.0,27-Jul-2011,,,,,,,,,,Brazil;Amazonas,SOUTH_AMERICA,,,,BR,Amazonas,,,left bank Rio Juruena; 30 km SSW Barra de Sao Manoel,Brazil | Amazonas | left bank Rio Juruena; 30 km SSW Barra de Sao Manoel,,,,,,,,-7.6375,-58.236944,,,,,,,,,,,,,,,,,,,,,,,,,,,,,,,,,,,,,,,,,,,,,,,,,,"Lagothrix lagothricha (Humboldt, 1812)",,,,,,,,Animalia,Chordata,Mammalia,Primates,,Atelidae,,,,Lagothrix,Lagothrix,,,lagothricha,,,SPECIES,,Humboldt's woolly monkey,ICZN,ACCEPTED,,,7f6dd0f7-9ed4-49c0-bb71-b2a9c7fed9f1,US,2026-08-24T21:05:43.910Z,,,,,,COORDINATE_ROUNDED;TAXON_MATCH_FUZZY,,,,True,False,5786085,5786085,1,44,359,798,,3239607,,,,2436656,,5786085,Lagothrix lagothricha,"Lagothrix lagothricha (Humboldt, 1812)",Lagothrix lagotricha,,EML,2026-08-24T21:05:43.910Z,2026-08-24T14:23:06.826Z,,True,,False,LATIN_AMERICA,NORTH_AMERICA,,BRA,Brazil,BRA.4_1,Amazonas,BRA.4.5_2,Apuí,,,VU,MANTER_COM_RESSALVA,incerteza de coordenada nao informada
1147066686,http://vertnet.org/resources/norms.html,,en,CC0_1_0,2015-11-04T00:00:00Z,,http://macaulaylibrary.org/audio/35000,,Sound,urn:lsid:biocol.org:col:34939,,,CLO,ML,,,MACHINE_OBSERVATION,,,,2a4b7fac-622c-44a0-9a2a-05171d54c320,35000,,Richard O Bierregaard,,,,,,,,,call; emit alarm; Social context: troop,,native,,,requires verification,PRESENT,,,,,,,,"NOTES: (Species Sound: constant; Sound Delivery Rate: high; General Climate: cyclic wet-dry; Cover Density: medium) (Recordist noted Sound Source as syrinx, but is a monkey so I recorded as larynx.  19Sep01 NES)Number of individuals=UU8-12;",,,,,,,,,,,,,,,1984-12-22,,357.0,357.0,1984.0,12.0,22.0,22-Dec-1984,,,,,,,,,,Brazil;Amazonas,SOUTH_AMERICA,,,,BR,Amazonas,,,Benjamin Constant,Brazil | Amazonas | Benjamin Constant,,,,,,,,-5.5,-69.5,,,,,,,,,,,,,,,,,,,,,,,,,,,,,,,,,,,,,,,,,,,,,,,,,,"Lagothrix lagothricha (Humboldt, 1812)",,,,,,,,Animalia,Chordata,Mammalia,Primates,,Atelidae,,,,Lagothrix,Lagothrix,,,lagothricha,,,SPECIES,,Humboldt's woolly monkey,ICZN,ACCEPTED,,,7f6dd0f7-9ed4-49c0-bb71-b2a9c7fed9f1,US,2026-08-24T21:05:18.056Z,,,,,,TAXON_MATCH_FUZZY,,,,True,False,5786085,5786085,1,44,359,798,,3239607,,,,2436656,,5786085,Lagothrix lagothricha,"Lagothrix lagothricha (Humboldt, 1812)",Lagothrix lagotricha,,EML,2026-08-24T21:05:18.056Z,2026-08-24T14:23:06.826Z,,True,,False,LATIN_AMERICA,NORTH_AMERICA,,BRA,Brazil,BRA.4_1,Amazonas,BRA.4.34_2,Jutaí,,,VU,MANTER_COM_RESSALVA,incerteza de coordenada nao informada
