componente,variancia_explicada,variancia_acumulada
PC1,0.4976101,0.4976101
PC2,0.21251242,0.7101225
PC3,0.13016678,0.8402893
PC4,0.077515684,0.91780496
PC5,0.033359457,0.9511644
PC6,0.023495149,0.97465956
PC7,0.01056025,0.98521984
PC8,0.008429037,0.9936489
PC9,0.0018444381,0.99549335
PC10,0.0013758189,0.99686915
PC11,0.001188994,0.99805814
PC12,0.00073655444,0.9987947
PC13,0.0005394564,0.99933416
PC14,0.00034647115,0.99968064
PC15,0.00010777367,0.9997884
PC16,9.6662036e-05,0.9998851
PC17,7.156529e-05,0.99995667
PC18,4.333381e-05,1.0
PC19,0.0,1.0
