,PC1,PC2,PC3,PC4
bio_1,0.23745546,0.3201337,0.035687782,0.16454808
bio_2,-0.2875046,0.017793136,0.13372205,-0.073266506
bio_3,0.26180592,-0.15864404,-0.18225358,-0.1610654
bio_4,-0.17174672,-0.10227817,0.064152084,0.58844185
bio_5,-0.11956587,0.38393146,0.27286342,-0.013575426
bio_6,0.31169266,0.104849964,-0.07532972,-0.037279215
bio_7,-0.29901204,0.08196111,0.17726287,0.023765517
bio_8,0.19459161,0.24289757,-0.014276876,0.49421576
bio_9,0.25439677,0.28468952,0.062055793,-0.14577372
bio_10,0.2005677,0.33441994,0.062658675,0.3165326
bio_11,0.24716878,0.30359027,0.015866553,-0.10218705
bio_12,0.24457571,-0.22149807,0.28781334,-0.03798301
bio_13,0.07425641,-0.11527493,0.5854848,-0.028742425
bio_14,0.2694868,-0.23246431,0.0075965887,0.041019373
bio_15,-0.28143808,0.19641614,0.13912803,-0.023628939
bio_16,0.07416954,-0.11752883,0.5875577,-0.046129685
bio_17,0.27332553,-0.23182671,0.01104009,0.034192096
bio_18,0.095843405,-0.35374862,0.062301848,0.40533882
bio_19,0.22715865,0.06884842,0.17163481,-0.2120627
