gml_id,docleg_id,uc_id,cd_cnuc,wdpa_pid,nome_uc,cria_ano,cria_ato,outro_ato,pl_manejo,co_gestor,quali_pol,ppgr,ha_total,ha_ato,esfera,uf,municipio,org_gestor,grupo,categoria,cat_iucn,amazonia,caatinga,cerrado,matlantica,pampa,pantanal,marinho,situacao,limite
,5855,2121,0000.00.2121,555600252,RESERVA PARTICULAR DO PATRIMÔNIO NATURAL ILHAS ALEXANDRE RODRIGUES FERREIRA,17-08-2009,Portaria 67 de 13-08-2009,Sem informação,Sem informação,Sem informação,Polígono corresponde ao memorial descritivo,Sítio Ramsar Rio Negro,302.37,280.9,Federal,AMAZONAS,BARCELOS (AM),INSTITUTO CHICO MENDES DE CONSERVAÇÃO DA BIODIVERSIDADE,Uso Sustentável,Reserva Particular do Patrimônio Natural,Category IV,302.37,,,,,,,Ativo,uc
,8737,1633,0000.00.1633,478431,PARQUE NACIONAL MAPINGUARI,06-06-2008,Decreto S/N de 05-06-2008,"Lei ordinária 12.249 de 11-06-2010 Ampliação , Lei ordinária 12678 de 25-06-2012 Revisão dos limites",Sem informação,Sim,Polígono corresponde ao memorial descritivo,Programa ARPA - Áreas Protegidas da Amazônia,1776910.95,1572422,Federal,"AMAZONAS, RONDÔNIA","CANUTAMA (AM), LÁBREA (AM), PORTO VELHO (RO)",INSTITUTO CHICO MENDES DE CONSERVAÇÃO DA BIODIVERSIDADE,Proteção Integral,Parque,Category II,5345747.35,,,,,,,Ativo,uc
,31669,10727,0000.00.1454,555682666,RESERVA PARTICULAR DO PATRIMÔNIO NATURAL RESERVA DOS ARQUEIROS,04-06-2001,Portaria 74 de 23-05-2001,Sem informação,Não,Sem informação,Polígono é uma estimativa dos limites da UC,,24.01,25,Federal,AMAZONAS,PRESIDENTE FIGUEIREDO (AM),INSTITUTO CHICO MENDES DE CONSERVAÇÃO DA BIODIVERSIDADE,Uso Sustentável,Reserva Particular do Patrimônio Natural,Category IV,23.55,,,,,,,Ativo,uc
,31697,10751,0000.00.2709,555600172,RESERVA PARTICULAR DO PATRIMÔNIO NATURAL NOVA AURORA,27-12-2011,Portaria 110 de 26-12-2011,Sem informação,Não,Sem informação,Polígono corresponde ao memorial descritivo,,18.53,18.52,Federal,RONDÔNIA,PRESIDENTE MÉDICI (RO),INSTITUTO CHICO MENDES DE CONSERVAÇÃO DA BIODIVERSIDADE,Uso Sustentável,Reserva Particular do Patrimônio Natural,Category IV,18.53,,,,,,,Ativo,uc
,31725,10773,0000.00.1449,555682588,RESERVA PARTICULAR DO PATRIMÔNIO NATURAL SANTUÁRIO,05-10-1998,Portaria 139-N de 02-10-1998,Sem informação,Não,Sem informação,Polígono é uma estimativa dos limites da UC,,57.65,60,Federal,AMAZONAS,PRESIDENTE FIGUEIREDO (AM),INSTITUTO CHICO MENDES DE CONSERVAÇÃO DA BIODIVERSIDADE,Uso Sustentável,Reserva Particular do Patrimônio Natural,Category IV,56.54,,,,,,,Ativo,uc
,31899,10908,0000.00.1455,555682667,RESERVA PARTICULAR DO PATRIMÔNIO NATURAL RESERVA SOL NASCENTE,04-06-2001,Portaria 75 de 23-05-2001,Sem informação,Não,Sem informação,Polígono é uma estimativa dos limites da UC,,19.21,20,Federal,AMAZONAS,PRESIDENTE FIGUEIREDO (AM),INSTITUTO CHICO MENDES DE CONSERVAÇÃO DA BIODIVERSIDADE,Uso Sustentável,Reserva Particular do Patrimônio Natural,Category IV,18.84,,,,,,,Ativo,uc
,32297,11230,0000.00.1450,555682593,RESERVA PARTICULAR DO PATRIMÔNIO NATURAL DR. DAISAKU IKEDA,14-07-1995,Portaria 49 de 12-07-1995,Sem informação,Não,Sem informação,Polígono é uma estimativa dos limites da UC,,50.03,52.06,Federal,AMAZONAS,MANAUS (AM),INSTITUTO CHICO MENDES DE CONSERVAÇÃO DA BIODIVERSIDADE,Uso Sustentável,Reserva Particular do Patrimônio Natural,Category IV,49.07,,,,,,,Ativo,uc
,32429,11331,0000.00.1446,555682594,RESERVA PARTICULAR DO PATRIMÔNIO NATURAL ESTÂNCIA RIVAS,25-06-1997,Portaria 66-N de 24-06-1997,Sem informação,Não,Sem informação,Polígono é uma estimativa dos limites da UC,,96.05,100.01,Federal,AMAZONAS,PRESIDENTE FIGUEIREDO (AM),INSTITUTO CHICO MENDES DE CONSERVAÇÃO DA BIODIVERSIDADE,Uso Sustentável,Reserva Particular do Patrimônio Natural,Category IV,94.2,,,,,,,Ativo,uc
,32464,11358,0000.00.1453,555682589,RESERVA PARTICULAR DO PATRIMÔNIO NATURAL RESERVA DOS QUATRO ELEMENTOS,04-06-2001,Portaria 71 de 23-05-2001,Sem informação,Não,Sem informação,Polígono é uma estimativa dos limites da UC,,24.01,25,Federal,AMAZONAS,PRESIDENTE FIGUEIREDO (AM),INSTITUTO CHICO MENDES DE CONSERVAÇÃO DA BIODIVERSIDADE,Uso Sustentável,Reserva Particular do Patrimônio Natural,Category IV,23.55,,,,,,,Ativo,uc
,32598,11468,0000.00.2708,555599958,RESERVA PARTICULAR DO PATRIMÔNIO NATURAL GIBEÃO,15-06-2012,Portaria 68 de 14-06-2012,Sem informação,Não,Sem informação,Polígono corresponde ao memorial descritivo,,31.32,31.29,Federal,RONDÔNIA,PRESIDENTE MÉDICI (RO),INSTITUTO CHICO MENDES DE CONSERVAÇÃO DA BIODIVERSIDADE,Uso Sustentável,Reserva Particular do Patrimônio Natural,Category IV,31.32,,,,,,,Ativo,uc
,32618,11482,0000.00.1133,555682564,RESERVA PARTICULAR DO PATRIMÔNIO NATURAL ÁGUA BOA,31-03-2000,Portaria 21 de 30-03-2000,Sem informação,Não,Sem informação,Polígono é uma estimativa dos limites da UC,,45.42,47.52,Federal,RONDÔNIA,CACOAL (RO),INSTITUTO CHICO MENDES DE CONSERVAÇÃO DA BIODIVERSIDADE,Uso Sustentável,Reserva Particular do Patrimônio Natural,Category IV,44.54,,,,,,,Ativo,uc
,32878,11689,0000.00.1447,555682586,RESERVA PARTICULAR DO PATRIMÔNIO NATURAL RESERVA DR. PHELIPPE DAOU,28-02-2001,Portaria 17 de 23-02-2001,Sem informação,Não,Sem informação,Polígono é uma estimativa dos limites da UC,,64.83,67.5,Federal,AMAZONAS,PRESIDENTE FIGUEIREDO (AM),INSTITUTO CHICO MENDES DE CONSERVAÇÃO DA BIODIVERSIDADE,Uso Sustentável,Reserva Particular do Patrimônio Natural,Category IV,63.58,,,,,,,Ativo,uc
,32898,11705,0000.00.3090,555600030,RESERVA PARTICULAR DO PATRIMÔNIO NATURAL IRMÃOS SATELIS,09-11-2012,Portaria 122 de 08-11-2012,Sem informação,Não,Sem informação,Polígono corresponde ao memorial descritivo,,41.13,41.09,Federal,RONDÔNIA,PRESIDENTE MÉDICI (RO),INSTITUTO CHICO MENDES DE CONSERVAÇÃO DA BIODIVERSIDADE,Uso Sustentável,Reserva Particular do Patrimônio Natural,Category IV,41.13,,,,,,,Ativo,uc
,32941,11738,0000.00.2105,555600112,RESERVA PARTICULAR DO PATRIMÔNIO NATURAL FAZENDA BOSCO,02-05-2005,Portaria 32 de 29-04-2005,Sem informação,Não,Sem informação,Polígono corresponde ao memorial descritivo,,486.82,486.72,Federal,RONDÔNIA,ALTO ALEGRE DOS PARECIS (RO),INSTITUTO CHICO MENDES DE CONSERVAÇÃO DA BIODIVERSIDADE,Uso Sustentável,Reserva Particular do Patrimônio Natural,Category IV,486.82,,,,,,,Ativo,uc
,32957,11752,0000.00.1130,555682812,RESERVA PARTICULAR DO PATRIMÔNIO NATURAL VALE DAS ANTAS,19-07-1999,Portaria 61-N de 16-07-1999,Sem informação,Não,Sem informação,Polígono é uma estimativa dos limites da UC,,62.46,65.66,Federal,RONDÔNIA,TEIXEIRÓPOLIS (RO),INSTITUTO CHICO MENDES DE CONSERVAÇÃO DA BIODIVERSIDADE,Uso Sustentável,Reserva Particular do Patrimônio Natural,Category IV,61.26,,,,,,,Ativo,uc
,32969,11762,0000.00.1456,555682592,RESERVA PARTICULAR DO PATRIMÔNIO NATURAL LAÇO DE AMOR,31-03-2000,Portaria 22 de 30-03-2000,Sem informação,Não,Sem informação,Polígono é uma estimativa dos limites da UC,,7.68,8,Federal,AMAZONAS,MANAUS (AM),INSTITUTO CHICO MENDES DE CONSERVAÇÃO DA BIODIVERSIDADE,Uso Sustentável,Reserva Particular do Patrimônio Natural,Category IV,7.54,,,,,,,Ativo,uc
,33019,11804,0000.00.1131,555682803,RESERVA PARTICULAR DO PATRIMÔNIO NATURAL SERINGAL ASSUNÇÃO,19-06-1997,Portaria 63 de 18-06-1997,Sem informação,Não,Sem informação,Polígono é uma estimativa dos limites da UC,,590.43,623.24,Federal,RONDÔNIA,PORTO VELHO (RO),INSTITUTO CHICO MENDES DE CONSERVAÇÃO DA BIODIVERSIDADE,Uso Sustentável,Reserva Particular do Patrimônio Natural,Category IV,590.43,,,,,,,Ativo,uc
,33285,12004,0000.00.1451,555682585,RESERVA PARTICULAR DO PATRIMÔNIO NATURAL SÍTIO MORADA DO SOL,25-10-1996,Portaria 88-N de 24-10-1996,Sem informação,Não,Sem informação,Polígono é uma estimativa dos limites da UC,,41.89,43.55,Federal,AMAZONAS,PRESIDENTE FIGUEIREDO (AM),INSTITUTO CHICO MENDES DE CONSERVAÇÃO DA BIODIVERSIDADE,Uso Sustentável,Reserva Particular do Patrimônio Natural,Category IV,41.09,,,,,,,Ativo,uc
,33365,12070,0000.00.1457,555682533,RESERVA PARTICULAR DO PATRIMÔNIO NATURAL MORADA DO SOL E DA LUA,04-06-2001,Portaria 67 de 21-05-2001,Sem informação,Não,Sem informação,Polígono é uma estimativa dos limites da UC,,6.72,7,Federal,AMAZONAS,PRESIDENTE FIGUEIREDO (AM),INSTITUTO CHICO MENDES DE CONSERVAÇÃO DA BIODIVERSIDADE,Uso Sustentável,Reserva Particular do Patrimônio Natural,Category IV,6.34,,,,,,,Ativo,uc
,38659,15316,0000.00.4522,555759058,RESERVA PARTICULAR DO PATRIMÔNIO NATURAL AJURICABA,17-08-2009,Portaria 67 de 13-08-2009,Sem informação,Não,Não,Polígono corresponde ao memorial descritivo,,302.37,280.9,Federal,AMAZONAS,BARCELOS (AM),INSTITUTO CHICO MENDES DE CONSERVAÇÃO DA BIODIVERSIDADE,Uso Sustentável,Reserva Particular do Patrimônio Natural,Category IV,302.66,,,,,,,Ativo,uc
,38693,15340,0000.00.4534,555759131,RESERVA PARTICULAR DO PATRIMÔNIO NATURAL FRIGONOSSO,01-02-2019,Portaria 48 de 31-01-2019,Sem informação,Não,Não,Polígono corresponde ao memorial descritivo,,558.06,558.06,Federal,RONDÔNIA,PORTO VELHO (RO),INSTITUTO CHICO MENDES DE CONSERVAÇÃO DA BIODIVERSIDADE,Uso Sustentável,Reserva Particular do Patrimônio Natural,Category IV,558.06,,,,,,,Ativo,uc
,39005,15457,0000.00.0274,351759,RESERVA EXTRATIVISTA DO ALTO TARAUACÁ,09-11-2000,Decreto S/N de 08-11-2000,Sem informação,Sim,Sim,Polígono corresponde ao memorial descritivo,Programa ARPA - Áreas Protegidas da Amazônia,154131.6,151199.64,Federal,ACRE,"JORDÃO (AC), MARECHAL THAUMATURGO (AC), TARAUACÁ (AC)",INSTITUTO CHICO MENDES DE CONSERVAÇÃO DA BIODIVERSIDADE,Uso Sustentável,Reserva Extrativista,Category VI,154136.65,,,,,,,Ativo,uc
,39381,15585,0000.00.0038,33831,ÁREA DE RELEVANTE INTERESSE ECOLÓGICO JAVARI BURITI,05-11-1985,Decreto Nº 91.886 de 05-11-1985,Sem informação,Não,Não,Polígono corresponde ao memorial descritivo,,13176.89,15000,Federal,AMAZONAS,SANTO ANTÔNIO DO IÇÁ (AM),INSTITUTO CHICO MENDES DE CONSERVAÇÃO DA BIODIVERSIDADE,Uso Sustentável,Área de Relevante Interesse Ecológico,Category IV,13177.45,,,,,,,Ativo,uc
,39418,15602,0000.00.0126,31763,FLORESTA NACIONAL MAPIÁ - INAUINI,15-08-1989,Decreto Nº 98.051 de 14-08-1989,Sem informação,Sim,Sim,Polígono corresponde ao memorial descritivo,,368945.8,311000,Federal,AMAZONAS,"BOCA DO ACRE (AM), PAUINI (AM)",INSTITUTO CHICO MENDES DE CONSERVAÇÃO DA BIODIVERSIDADE,Uso Sustentável,Floresta,Category VI,368949.17,,,,,,,Ativo,uc
,39441,15609,0000.00.0188,351748,PARQUE NACIONAL SERRA DA CUTIA,02-08-2001,Decreto S/N de 01-08-2001,Sem informação,Sim,Sim,Polígono corresponde ao memorial descritivo,Programa ARPA - Áreas Protegidas da Amazônia,283498.13,283611,Federal,RONDÔNIA,"COSTA MARQUES (RO), GUAJARÁ-MIRIM (RO)",INSTITUTO CHICO MENDES DE CONSERVAÇÃO DA BIODIVERSIDADE,Proteção Integral,Parque,Category II,283500.59,,,,,,,Ativo,uc
,40823,16073,0000.00.0053,351762,ESTAÇÃO ECOLÓGICA DE CUNIÃ,28-09-2001,Decreto S/Nº de 27-09-2001,"Decreto S/N de 13-03-2008 Ampliação , Decreto S/N de 21-12-2007 Ampliação , Lei ordinária Nº 12.249 de 11-06-2010 Ampliação",Sim,Sim,Polígono corresponde ao memorial descritivo,,182607.61,53221,Federal,"AMAZONAS, RONDÔNIA","CANUTAMA (AM), HUMAITÁ (AM), PORTO VELHO (RO)",INSTITUTO CHICO MENDES DE CONSERVAÇÃO DA BIODIVERSIDADE,Proteção Integral,Estação Ecológica,Category Ia,476862.48,,,,,,,Ativo,uc
,46093,18019,0000.00.3411,555636560,RESERVA BIOLÓGICA DO MANICORÉ,11-05-2016,Decreto S/N de 11-05-2016,Sem informação,Não,Sim,Polígono corresponde ao memorial descritivo,Programa ARPA - Áreas Protegidas da Amazônia,359140.41,359063,Federal,AMAZONAS,"MANICORÉ (AM), NOVO ARIPUANÃ (AM)",INSTITUTO CHICO MENDES DE CONSERVAÇÃO DA BIODIVERSIDADE,Proteção Integral,Reserva Biológica,Category Ia,359134.17,,,,,,,Ativo,uc
,46144,18041,0000.00.3409,555636632,FLORESTA NACIONAL DO ARIPUANÃ,11-05-2016,Decreto S/N de 11-05-2016,Sem informação,Não,Sim,Polígono corresponde ao memorial descritivo,,751289.09,751295,Federal,AMAZONAS,"APUÍ (AM), MANICORÉ (AM), NOVO ARIPUANÃ (AM)",INSTITUTO CHICO MENDES DE CONSERVAÇÃO DA BIODIVERSIDADE,Uso Sustentável,Floresta,Category VI,751311.63,,,,,,,Ativo,uc
,46154,18044,0000.00.3410,555636636,PARQUE NACIONAL DO ACARI,12-05-2016,Decreto S/N de 11-05-2016,Sem informação,Não,Não,Polígono corresponde ao memorial descritivo,Programa ARPA - Áreas Protegidas da Amazônia,896420.5,896407,Federal,AMAZONAS,"APUÍ (AM), BORBA (AM), NOVO ARIPUANÃ (AM)",INSTITUTO CHICO MENDES DE CONSERVAÇÃO DA BIODIVERSIDADE,Proteção Integral,Parque,Category II,896387.14,,,,,,,Ativo,uc
,47304,18445,0000.00.0136,55,PARQUE NACIONAL DA AMAZÔNIA,20-02-1974,Decreto Nº 73.683 de 19-02-1974,"Decreto Nº 90.823 de 18-01-1985 Revisão dos limites , Decreto S/N de 13-02-2006 Ampliação , Lei ordinária Nº 12.678 de 25-06-2012 Revisão dos limites",Sim,Sim,Polígono corresponde ao memorial descritivo,Programa ARPA - Áreas Protegidas da Amazônia,1066287.54,1000000,Federal,"AMAZONAS, PARÁ","AVEIRO (PA), ITAITUBA (PA), MAUÉS (AM)",INSTITUTO CHICO MENDES DE CONSERVAÇÃO DA BIODIVERSIDADE,Proteção Integral,Parque,Category II,2176844.72,,,,,,,Ativo,uc
,48446,18891,0000.00.0285,351834,RESERVA EXTRATIVISTA ARAPIXI,22-06-2006,Decreto S/N de 21-06-2006,Sem informação,Sim,Sim,Polígono corresponde ao memorial descritivo,Programa ARPA - Áreas Protegidas da Amazônia,133705.05,133637.2258,Federal,AMAZONAS,BOCA DO ACRE (AM),INSTITUTO CHICO MENDES DE CONSERVAÇÃO DA BIODIVERSIDADE,Uso Sustentável,Reserva Extrativista,Category VI,133703.25,,,,,,,Ativo,uc
,50973,19742,0000.00.3693,555682105,RESERVA EXTRATIVISTA BAIXO RIO BRANCO-JAUAPERI,06-06-2018,Decreto Nº 9.401 de 05-06-2018,Sem informação,Não,Sim,Polígono corresponde ao memorial descritivo,,580621.06,581173,Federal,"AMAZONAS, RORAIMA","NOVO AIRÃO (AM), RORAINÓPOLIS (RR)",INSTITUTO CHICO MENDES DE CONSERVAÇÃO DA BIODIVERSIDADE,Uso Sustentável,Reserva Extrativista,Category VI,580641.71,,,,,,,Ativo,uc
,50984,19746,0000.00.0049,2215,PARQUE NACIONAL DE ANAVILHANAS,04-06-1981,Decreto Nº 86.061 de 02-06-1981,Lei ordinária Nº 11.799 de 29-10-2008 Recategorização,Sim,Sim,Polígono é uma estimativa dos limites da UC,"Mosaico Baixo Rio Negro, Programa ARPA - Áreas Protegidas da Amazônia, Sítio do Patrimônio Complexo de Conservação da Amazônia Central, Sítio Ramsar PARNA Anavilhanas",350233.88,350018,Federal,AMAZONAS,"MANAUS (AM), NOVO AIRÃO (AM)",INSTITUTO CHICO MENDES DE CONSERVAÇÃO DA BIODIVERSIDADE,Proteção Integral,Parque,Category II,691069.34,,,,,,,Ativo,uc
,51127,19786,0000.00.0121,19746,FLORESTA NACIONAL DO PURÚS,22-06-1988,Decreto Nº 96.190 de 21-06-1988,Sem informação,Sim,Sim,Polígono corresponde ao memorial descritivo,,256125.9,256000,Federal,AMAZONAS,"BOCA DO ACRE (AM), PAUINI (AM)",INSTITUTO CHICO MENDES DE CONSERVAÇÃO DA BIODIVERSIDADE,Uso Sustentável,Floresta,Category VI,256123.07,,,,,,,Ativo,uc
,52434,20207,0000.00.0220,351777,RESERVA EXTRATIVISTA AUATÍ-PARANÁ,08-08-2001,Decreto S/N de 07-08-2001,Sem informação,Sim,Sim,Polígono corresponde ao memorial descritivo,Programa ARPA - Áreas Protegidas da Amazônia,141985.91,146947.56,Federal,AMAZONAS,"FONTE BOA (AM), JAPURÁ (AM), MARAÃ (AM)",INSTITUTO CHICO MENDES DE CONSERVAÇÃO DA BIODIVERSIDADE,Uso Sustentável,Reserva Extrativista,Category VI,141989.2,,,,,,,Ativo,uc
,55628,21160,0000.00.0221,351749,RESERVA EXTRATIVISTA BARREIRO DAS ANTAS,08-08-2001,Decreto S/N de 07-08-2001,Sem informação,Sim,Sim,Polígono corresponde ao memorial descritivo,Programa ARPA - Áreas Protegidas da Amazônia,106110.99,107234,Federal,RONDÔNIA,GUAJARÁ-MIRIM (RO),INSTITUTO CHICO MENDES DE CONSERVAÇÃO DA BIODIVERSIDADE,Uso Sustentável,Reserva Extrativista,Category VI,106198.91,,,,,,,Ativo,uc
,56063,21309,0000.00.0238,351747,RESERVA EXTRATIVISTA DO RIO DO CAUTÁRIO,08-08-2001,Decreto S/N de 07-08-2001,Sem informação,Sim,Sim,Polígono corresponde ao memorial descritivo,Programa ARPA - Áreas Protegidas da Amazônia,75125.03,73817,Federal,RONDÔNIA,GUAJARÁ-MIRIM (RO),INSTITUTO CHICO MENDES DE CONSERVAÇÃO DA BIODIVERSIDADE,Uso Sustentável,Reserva Extrativista,Category VI,75122.74,,,,,,,Ativo,uc
,56604,21498,0000.00.0068,2222,ESTAÇÃO ECOLÓGICA RIO ACRE,04-06-1981,Decreto N° 88.061 de 02-06-1981,Sem informação,Sim,Sim,Polígono corresponde ao memorial descritivo,Programa ARPA - Áreas Protegidas da Amazônia,78915.83,77500,Federal,ACRE,"ASSIS BRASIL (AC), SENA MADUREIRA (AC)",INSTITUTO CHICO MENDES DE CONSERVAÇÃO DA BIODIVERSIDADE,Proteção Integral,Estação Ecológica,Category Ia,78760.68,,,,,,,Ativo,uc
,56638,21507,0000.00.0085,351820,FLORESTA NACIONAL DE BALATA-TUFARI,18-02-2005,Decreto S/N de 17-02-2005,Decreto S/N de 08-05-2008 Ampliação,Sim,Sim,Polígono corresponde ao memorial descritivo,,1088787.49,802023,Federal,AMAZONAS,"CANUTAMA (AM), TAPAUÁ (AM)",INSTITUTO CHICO MENDES DE CONSERVAÇÃO DA BIODIVERSIDADE,Uso Sustentável,Floresta,Category VI,1088780.17,,,,,,,Ativo,uc
,57609,21890,0000.00.0257,351713,RESERVA EXTRATIVISTA RIOZINHO DA LIBERDADE,18-02-2005,Decreto S/N de 17-02-2005,Sem informação,Sim,Sim,Polígono corresponde ao memorial descritivo,Programa ARPA - Áreas Protegidas da Amazônia,324899.93,325602.66,Federal,ACRE,"CRUZEIRO DO SUL (AC), MARECHAL THAUMATURGO (AC), PORTO WALTER (AC), TARAUACÁ (AC)",INSTITUTO CHICO MENDES DE CONSERVAÇÃO DA BIODIVERSIDADE,Uso Sustentável,Reserva Extrativista,Category VI,324904.16,,,,,,,Ativo,uc
,57619,21892,0000.00.0149,19275,PARQUE NACIONAL DA SERRA DO DIVISOR,19-06-1989,Decreto Nº 97.839 de 16-06-1989,Sem informação,Sim,Sim,Polígono corresponde ao memorial descritivo,Programa ARPA - Áreas Protegidas da Amazônia,837554.36,837555.1900,Federal,ACRE,"CRUZEIRO DO SUL (AC), MÂNCIO LIMA (AC), MARECHAL THAUMATURGO (AC), PORTO WALTER (AC), RODRIGUES ALVES (AC)",INSTITUTO CHICO MENDES DE CONSERVAÇÃO DA BIODIVERSIDADE,Proteção Integral,Parque,Category II,828460.6,,,,,,,Ativo,uc
,57627,21894,0000.00.1517,31774,RESERVA EXTRATIVISTA DO ALTO JURUÁ,24-01-1990,Decreto nº 98.863 de 23-01-1990,Sem informação,Não,Sim,Polígono corresponde ao memorial descritivo,,537979.87,506186,Federal,ACRE,MARECHAL THAUMATURGO (AC),INSTITUTO CHICO MENDES DE CONSERVAÇÃO DA BIODIVERSIDADE,Uso Sustentável,Reserva Extrativista,Category VI,537802.04,,,,,,,Ativo,uc
,58145,22170,0000.00.0044,351750,ÁREA DE RELEVANTE INTERESSE ECOLÓGICO SERINGAL NOVA ESPERANÇA,23-08-1999,Decreto S/N de 20-08-1999,Sem informação,Não,Não,Polígono corresponde ao memorial descritivo,,2573.98,2573,Federal,ACRE,"EPITACIOLÂNDIA (AC), XAPURI (AC)",INSTITUTO CHICO MENDES DE CONSERVAÇÃO DA BIODIVERSIDADE,Uso Sustentável,Área de Relevante Interesse Ecológico,Category IV,2573.98,,,,,,,Ativo,uc
,58280,22210,0000.00.0092,198350,FLORESTA NACIONAL DE HUMAITÁ,03-02-1998,Decreto N°2.485 de 02-02-1998,Sem informação,Sim,Sim,Polígono corresponde ao memorial descritivo,,476599.1,468790,Federal,AMAZONAS,HUMAITÁ (AM),INSTITUTO CHICO MENDES DE CONSERVAÇÃO DA BIODIVERSIDADE,Uso Sustentável,Floresta,Category VI,476598.46,,,,,,,Ativo,uc
,58299,22214,0000.00.0097,351792,FLORESTA NACIONAL DE JACUNDÁ,02-12-2004,Decreto S/N de 01-12-2004,Sem informação,Sim,Sim,Polígono corresponde ao memorial descritivo,,220820.57,220644.52,Federal,RONDÔNIA,"CANDEIAS DO JAMARI (RO), PORTO VELHO (RO)",INSTITUTO CHICO MENDES DE CONSERVAÇÃO DA BIODIVERSIDADE,Uso Sustentável,Floresta,Category VI,220812.95,,,,,,,Ativo,uc
,58690,22358,0000.00.0108,351752,FLORESTA NACIONAL DE SÃO FRANCISCO,07-08-2001,Decreto S/N de 07-08-2001,Sem informação,Sim,Sim,Polígono corresponde ao memorial descritivo,,21148.14,21600,Federal,ACRE,SENA MADUREIRA (AC),INSTITUTO CHICO MENDES DE CONSERVAÇÃO DA BIODIVERSIDADE,Uso Sustentável,Floresta,Category VI,21147.47,,,,,,,Ativo,uc
,58719,22362,0000.00.0112,19747,FLORESTA NACIONAL DE TEFÉ,11-04-1989,Decreto Nº 97.629 de 10-04-1989,Sem informação,Sim,Sim,Polígono corresponde ao memorial descritivo,,865116.21,1020000,Federal,AMAZONAS,"ALVARÃES (AM), CARAUARI (AM), JURUÁ (AM), TEFÉ (AM), UARINI (AM)",INSTITUTO CHICO MENDES DE CONSERVAÇÃO DA BIODIVERSIDADE,Uso Sustentável,Floresta,Category VI,865120.07,,,,,,,Ativo,uc
,58734,22365,0000.00.0114,31759,FLORESTA NACIONAL DO AMAZONAS,02-03-1989,Decreto Nº 97.546 de 01-03-1989,Sem informação,Não,Não,Polígono corresponde ao memorial descritivo,,1944158.55,1573100,Federal,AMAZONAS,"BARCELOS (AM), SANTA ISABEL DO RIO NEGRO (AM)",INSTITUTO CHICO MENDES DE CONSERVAÇÃO DA BIODIVERSIDADE,Uso Sustentável,Floresta,Category VI,1934128.55,,,,,,,Ativo,uc
,58737,22367,0000.00.0116,19759,FLORESTA NACIONAL DO BOM FUTURO,22-06-1988,Decreto Nº 96.188 de 21-06-1988,Lei ordinária Nº 12.249 de 11-06-2010 Revisão dos limites,Sim,Sim,Polígono corresponde ao memorial descritivo,,100084.14,280000,Federal,RONDÔNIA,PORTO VELHO (RO),INSTITUTO CHICO MENDES DE CONSERVAÇÃO DA BIODIVERSIDADE,Uso Sustentável,Floresta,Category VI,372645.34,,,,,,,Ativo,uc
,58759,22373,0000.00.0119,351763,FLORESTA NACIONAL DO JATUARANA,20-09-2002,Decreto S/N de 19-09-2002,Decreto S/N de 05-06-2006 Redução,Sim,Sim,Polígono corresponde ao memorial descritivo,Mosaico Amazônia Meridional,568293.42,837100,Federal,AMAZONAS,APUÍ (AM),INSTITUTO CHICO MENDES DE CONSERVAÇÃO DA BIODIVERSIDADE,Uso Sustentável,Floresta,Category VI,568331.89,,,,,,,Ativo,uc
,58766,22375,0000.00.0120,33751,FLORESTA NACIONAL DO MACAUÃ,22-06-1988,Decreto Nº 96.189 de 21-06-1988,Sem informação,Sim,Sim,Polígono corresponde ao memorial descritivo,,176367.87,173475,Federal,ACRE,SENA MADUREIRA (AC),INSTITUTO CHICO MENDES DE CONSERVAÇÃO DA BIODIVERSIDADE,Uso Sustentável,Floresta,Category VI,176371.22,,,,,,,Ativo,uc
,58862,22399,0000.00.0163,56,PARQUE NACIONAL DE PACAÁS NOVOS,21-09-1979,Decreto Nº 84.019 de 21-09-1979,Sem informação,Sim,Sim,Polígono corresponde ao memorial descritivo,Programa ARPA - Áreas Protegidas da Amazônia,706117.11,764801,Federal,RONDÔNIA,"ALVORADA D'OESTE (RO), CAMPO NOVO DE RONDÔNIA (RO), GOVERNADOR JORGE TEIXEIRA (RO), GUAJARÁ-MIRIM (RO), MIRANTE DA SERRA (RO), NOVA MAMORÉ (RO), SÃO MIGUEL DO GUAPORÉ (RO)",INSTITUTO CHICO MENDES DE CONSERVAÇÃO DA BIODIVERSIDADE,Proteção Integral,Parque,Category II,706115.75,,,,,,,Ativo,uc
,58871,22401,0000.00.0173,53,PARQUE NACIONAL DO JAÚ,24-09-1980,Decreto Nº 85.200 de 24-09-1980,Sem informação,Sim,Sim,Polígono corresponde ao memorial descritivo,"Mosaico Baixo Rio Negro, Programa ARPA - Áreas Protegidas da Amazônia, Sítio do Patrimônio Complexo de Conservação da Amazônia Central, Sítio Ramsar Rio Negro",2367323.17,2272000,Federal,AMAZONAS,"BARCELOS (AM), NOVO AIRÃO (AM)",INSTITUTO CHICO MENDES DE CONSERVAÇÃO DA BIODIVERSIDADE,Proteção Integral,Parque,Category II,2367338.9,,,,,,,Ativo,uc
,58891,22405,0000.00.0177,54,PARQUE NACIONAL DO PICO DA NEBLINA,05-06-1979,Decreto Nº 83.550 de 05-06-1979,Sem informação,Sim,Sim,Polígono corresponde ao memorial descritivo,,2252546.46,2200000,Federal,AMAZONAS,"SANTA ISABEL DO RIO NEGRO (AM), SÃO GABRIEL DA CACHOEIRA (AM)",INSTITUTO CHICO MENDES DE CONSERVAÇÃO DA BIODIVERSIDADE,Proteção Integral,Parque,Category II,2247000.47,,,,,,,Ativo,uc
,58908,22409,0000.00.0189,198351,PARQUE NACIONAL SERRA DA MOCIDADE,26-08-1998,Decreto S/N de 29-04-1998,Sem informação,Sim,Sim,Polígono corresponde ao memorial descritivo,Programa ARPA - Áreas Protegidas da Amazônia,359371.13,350960,Federal,"AMAZONAS, RORAIMA","BARCELOS (AM), CARACARAÍ (RR)",INSTITUTO CHICO MENDES DE CONSERVAÇÃO DA BIODIVERSIDADE,Proteção Integral,Parque,Category II,359375.47,,,,,,,Ativo,uc
,58914,22411,0000.00.0194,5127,RESERVA BIOLÓGICA DO ABUFARI,21-09-1982,Decreto Nº 87.585 de 20-09-1982,Sem informação,Sim,Sim,Polígono corresponde ao memorial descritivo,Programa ARPA - Áreas Protegidas da Amazônia,224744.98,288000,Federal,AMAZONAS,TAPAUÁ (AM),INSTITUTO CHICO MENDES DE CONSERVAÇÃO DA BIODIVERSIDADE,Proteção Integral,Reserva Biológica,Category Ia,224741.74,,,,,,,Ativo,uc
,58958,22420,0000.00.0213,31752,RESERVA BIOLÓGICA DO UATUMÃ,07-06-1990,Decreto Nº 99.277 de 06-06-1990,Decreto S/N de 19-09-2002 Ampliação,Sim,Sim,Polígono corresponde ao memorial descritivo,Programa ARPA - Áreas Protegidas da Amazônia,938592.13,560000,Federal,AMAZONAS,"PRESIDENTE FIGUEIREDO (AM), SÃO SEBASTIÃO DO UATUMÃ (AM), URUCARÁ (AM)",INSTITUTO CHICO MENDES DE CONSERVAÇÃO DA BIODIVERSIDADE,Proteção Integral,Reserva Biológica,Category Ia,1877202.74,,,,,,,Ativo,uc
,58983,22425,0000.00.0222,31775,RESERVA EXTRATIVISTA CHICO MENDES,13-03-1990,Decreto Nº 99.144 de 12-03-1990,Sem informação,Sim,Sim,Polígono corresponde ao memorial descritivo,Programa ARPA - Áreas Protegidas da Amazônia,931452.27,970570,Federal,ACRE,"ASSIS BRASIL (AC), BRASILÉIA (AC), CAPIXABA (AC), EPITACIOLÂNDIA (AC), RIO BRANCO (AC), SENA MADUREIRA (AC), XAPURI (AC)",INSTITUTO CHICO MENDES DE CONSERVAÇÃO DA BIODIVERSIDADE,Uso Sustentável,Reserva Extrativista,Category VI,931393.46,,,,,,,Ativo,uc
,59076,22444,0000.00.0235,351769,RESERVA EXTRATIVISTA DO MÉDIO JURUÁ,05-03-1997,Decreto S/N de 04-03-1997,Decreto S/N de 13-10-2014 Ampliação,Sim,Sim,Polígono corresponde ao memorial descritivo,"Programa ARPA - Áreas Protegidas da Amazônia, Sítio Ramsar Rio Juruá",286954.95,253226.5,Federal,AMAZONAS,CARAUARI (AM),INSTITUTO CHICO MENDES DE CONSERVAÇÃO DA BIODIVERSIDADE,Uso Sustentável,Reserva Extrativista,Category VI,286966.85,,,,,,,Ativo,uc
,59156,22465,0000.00.0239,351773,RESERVA EXTRATIVISTA DO RIO JUTAÍ,17-07-2002,Decreto S/N de 16-07-2002,Sem informação,Sim,Sim,Polígono corresponde ao memorial descritivo,Programa ARPA - Áreas Protegidas da Amazônia,275511.12,275532.88,Federal,AMAZONAS,JUTAÍ (AM),INSTITUTO CHICO MENDES DE CONSERVAÇÃO DA BIODIVERSIDADE,Uso Sustentável,Reserva Extrativista,Category VI,275514.5,,,,,,,Ativo,uc
,59171,22469,0000.00.0242,351767,RESERVA EXTRATIVISTA DO LAGO DO CAPANÃ GRANDE,04-06-2004,Decreto s/n de 03-06-2004,Sem informação,Sim,Sim,Polígono corresponde ao memorial descritivo,Programa ARPA - Áreas Protegidas da Amazônia,305074.64,304146.28,Federal,AMAZONAS,MANICORÉ (AM),INSTITUTO CHICO MENDES DE CONSERVAÇÃO DA BIODIVERSIDADE,Uso Sustentável,Reserva Extrativista,Category VI,305074.85,,,,,,,Ativo,uc
,59621,22648,0000.00.0271,351817,FLORESTA NACIONAL DO AMANA,14-02-2006,Decreto S/N de 13-02-2006,Decreto S/N de 11-05-2016 Ampliação,Sim,Sim,Polígono corresponde ao memorial descritivo,,682642.97,540417,Federal,"AMAZONAS, PARÁ","ITAITUBA (PA), JACAREACANGA (PA), MAUÉS (AM)",INSTITUTO CHICO MENDES DE CONSERVAÇÃO DA BIODIVERSIDADE,Uso Sustentável,Floresta,Category VI,1225184.19,,,,,,,Ativo,uc
,59668,22659,0000.00.0283,351832,RESERVA EXTRATIVISTA RIO UNINI,22-06-2006,Decreto S/N de 21-06-2006,Sem informação,Sim,Sim,Polígono corresponde ao memorial descritivo,"Mosaico Baixo Rio Negro, Programa ARPA - Áreas Protegidas da Amazônia, Sítio Ramsar Rio Negro",849679.76,833352,Federal,AMAZONAS,BARCELOS (AM),INSTITUTO CHICO MENDES DE CONSERVAÇÃO DA BIODIVERSIDADE,Uso Sustentável,Reserva Extrativista,Category VI,849685.32,,,,,,,Ativo,uc
,59678,22661,0000.00.0284,351833,PARQUE NACIONAL DOS CAMPOS AMAZÔNICOS,22-06-2006,Decreto S/N de 21-06-2006,"Lei ordinária Nº 12.678 de 25-06-2012 Revisão dos limites , Medida provisória Nº 542 de 12-08-2011 Revisão dos limites , Medida provisória Nº 558 de 05-01-2012 Revisão dos limites",Sim,Sim,Polígono corresponde ao memorial descritivo,"Mosaico Amazônia Meridional, Programa ARPA - Áreas Protegidas da Amazônia",961307.54,873570,Federal,"AMAZONAS, MATO GROSSO, RONDÔNIA","COLNIZA (MT), MACHADINHO D'OESTE (RO), MANICORÉ (AM), NOVO ARIPUANÃ (AM)",INSTITUTO CHICO MENDES DE CONSERVAÇÃO DA BIODIVERSIDADE,Proteção Integral,Parque,Category II,3763626.34,,,,,,,Ativo,uc
,59696,22665,0000.00.1606,478420,RESERVA EXTRATIVISTA DO MÉDIO PURÚS,08-05-2008,Decreto S/N de 08-05-2008,Sem informação,Sim,Sim,Polígono corresponde ao memorial descritivo,Programa ARPA - Áreas Protegidas da Amazônia,600547.32,604231.22,Federal,AMAZONAS,"LÁBREA (AM), PAUINI (AM), TAPAUÁ (AM)",INSTITUTO CHICO MENDES DE CONSERVAÇÃO DA BIODIVERSIDADE,Uso Sustentável,Reserva Extrativista,Category VI,600547.1,,,,,,,Ativo,uc
,59715,22670,0000.00.1626,478419,PARQUE NACIONAL NASCENTES DO LAGO JARI,09-05-2008,Decreto S/N de 08-05-2008,Sem informação,Sim,Sim,Polígono corresponde ao memorial descritivo,Programa ARPA - Áreas Protegidas da Amazônia,808598.7,808607.83,Federal,AMAZONAS,"BERURI (AM), TAPAUÁ (AM)",INSTITUTO CHICO MENDES DE CONSERVAÇÃO DA BIODIVERSIDADE,Proteção Integral,Parque,Category II,808610.13,,,,,,,Ativo,uc
,59723,22673,0000.00.1628,478421,RESERVA EXTRATIVISTA ITUXÍ,06-06-2008,Decreto S/N de 05-06-2008,Sem informação,Sim,Sim,Polígono corresponde ao memorial descritivo,Programa ARPA - Áreas Protegidas da Amazônia,777381.62,776940,Federal,AMAZONAS,LÁBREA (AM),INSTITUTO CHICO MENDES DE CONSERVAÇÃO DA BIODIVERSIDADE,Uso Sustentável,Reserva Extrativista,Category VI,777390.79,,,,,,,Ativo,uc
,59902,22750,0000.00.3407,555636575,ÁREA DE PROTEÇÃO AMBIENTAL DOS CAMPOS DE MANICORÉ,11-05-2016,Decreto S/N de 11-05-2016,Sem informação,Não,Não,Polígono corresponde ao memorial descritivo,,152389.93,151993,Federal,AMAZONAS,MANICORÉ (AM),INSTITUTO CHICO MENDES DE CONSERVAÇÃO DA BIODIVERSIDADE,Uso Sustentável,Área de Proteção Ambiental,Category V,152395.56,,,,,,,Ativo,uc
,59904,22753,0000.00.3408,555636630,FLORESTA NACIONAL DE URUPADI,12-05-2016,Decreto S/N de 11-05-2016,Sem informação,Não,Não,Polígono corresponde ao memorial descritivo,,537993.07,537228,Federal,AMAZONAS,MAUÉS (AM),INSTITUTO CHICO MENDES DE CONSERVAÇÃO DA BIODIVERSIDADE,Uso Sustentável,Floresta,Category VI,537996.67,,,,,,,Ativo,uc
,59936,22770,0000.00.4854,555785924,REFÚGIO DE VIDA SILVESTRE DO SAUIM-DE-COLEIRA,06-06-2024,Decreto Nº 12.047 de 05-06-2024,Sem informação,Não,Não,Polígono é uma estimativa dos limites da UC,,15289.44,15300,Federal,AMAZONAS,ITACOATIARA (AM),INSTITUTO CHICO MENDES DE CONSERVAÇÃO DA BIODIVERSIDADE,Proteção Integral,Refúgio de Vida Silvestre,Category III,15289.44,,,,,,,Ativo,uc
,60023,22798,0000.00.0043,67692,ÁREA DE RELEVANTE INTERESSE ECOLÓGICO PROJETO DINÂMICA BIOLÓGICA DE FRAGMENTOS FLORESTAIS,06-11-1985,Decreto Nº 91.884 de 05-11-1985,Outros NOTA n. 00058/2022/CPAR/PFE-ICMBIO/PGF/AGU de 25-03-2022 Revisão dos limites,Sim,Sim,Polígono corresponde ao memorial descritivo,Sítio Ramsar Rio Negro,3179.98,3288,Federal,AMAZONAS,"MANAUS (AM), RIO PRETO DA EVA (AM)",INSTITUTO CHICO MENDES DE CONSERVAÇÃO DA BIODIVERSIDADE,Uso Sustentável,Área de Relevante Interesse Ecológico,Category IV,3336.3,,,,,,,Ativo,uc
,60573,22990,0000.00.0256,31777,RESERVA EXTRATIVISTA DO RIO OURO PRETO,14-03-1990,Decreto nº 99.166 de 13-03-1990,Lei complementar Nº 15.039 de 09-12-2024 Redução,Sim,Sim,Polígono corresponde ao memorial descritivo,Programa ARPA - Áreas Protegidas da Amazônia,183986.47,204583,Federal,RONDÔNIA,"GUAJARÁ-MIRIM (RO), NOVA MAMORÉ (RO)",INSTITUTO CHICO MENDES DE CONSERVAÇÃO DA BIODIVERSIDADE,Uso Sustentável,Reserva Extrativista,Category VI,183991.43,,,,,,,Ativo,uc
,61543,23284,0000.00.0281,351839,PARQUE NACIONAL DO JURUENA,06-06-2006,Decreto S/N de 05-06-2006,Sem informação,Sim,Sim,Polígono corresponde ao memorial descritivo,"Mosaico Amazônia Meridional, Programa ARPA - Áreas Protegidas da Amazônia",1957013.52,1957000,Federal,"AMAZONAS, MATO GROSSO","APIACÁS (MT), APUÍ (AM), COTRIGUAÇU (MT), MAUÉS (AM), NOVA BANDEIRANTES (MT)",INSTITUTO CHICO MENDES DE CONSERVAÇÃO DA BIODIVERSIDADE,Proteção Integral,Parque,Category II,1957028.01,,,,,,,Ativo,uc
,62041,23416,0000.00.0118,10815,FLORESTA NACIONAL DO JAMARI,25-09-1984,Decreto nº 90.224 de 25-09-1984,Sem informação,Sim,Sim,Polígono corresponde ao memorial descritivo,,226733.15,215000,Federal,RONDÔNIA,"CANDEIAS DO JAMARI (RO), CUJUBIM (RO), ITAPUÃ DO OESTE (RO)",INSTITUTO CHICO MENDES DE CONSERVAÇÃO DA BIODIVERSIDADE,Uso Sustentável,Floresta,Category VI,226739.59,,,,,,,Ativo,uc
,63755,23870,0000.00.0107,351755,FLORESTA NACIONAL DE SANTA ROSA DO PURUS,07-08-2001,Decreto S/N de 07-08-2001,Sem informação,Não,Sim,Polígono corresponde ao memorial descritivo,,231552.72,230257,Federal,ACRE,"FEIJÓ (AC), SANTA ROSA DO PURUS (AC)",INSTITUTO CHICO MENDES DE CONSERVAÇÃO DA BIODIVERSIDADE,Uso Sustentável,Floresta,Category VI,231529.49,,,,,,,Ativo,uc
,63783,23885,0000.00.0232,351756,RESERVA EXTRATIVISTA DO CAZUMBÁ-IRACEMA,20-09-2002,Decreto s/n de 19-09-2002,Sem informação,Sim,Sim,Polígono corresponde ao memorial descritivo,Programa ARPA - Áreas Protegidas da Amazônia,756926.54,750794.70,Federal,ACRE,"MANOEL URBANO (AC), SENA MADUREIRA (AC)",INSTITUTO CHICO MENDES DE CONSERVAÇÃO DA BIODIVERSIDADE,Uso Sustentável,Reserva Extrativista,Category VI,756940.28,,,,,,,Ativo,uc
,63834,23898,0000.00.0208,44,RESERVA BIOLÓGICA DO JARU,25-07-1961,Decreto Nº 51.024 de 25-07-1961,"Decreto Nº 83.176 de 11-07-1979 Recategorização , Decreto S/N de 02-05-2006 Ampliação",Sim,Sim,Polígono corresponde ao memorial descritivo,"Mosaico Amazônia Meridional, Programa ARPA - Áreas Protegidas da Amazônia",346862.66,268150,Federal,RONDÔNIA,"JI-PARANÁ (RO), MACHADINHO D'OESTE (RO), VALE DO ANARI (RO)",INSTITUTO CHICO MENDES DE CONSERVAÇÃO DA BIODIVERSIDADE,Proteção Integral,Reserva Biológica,Category Ia,346862.47,,,,,,,Ativo,uc
,63976,23941,0000.00.3131,555600076,ESTAÇÃO ECOLÓGICA ALTO MAUÉS,17-10-2014,Decreto S/N de 16-10-2014,Sem informação,Não,Sim,Polígono corresponde ao memorial descritivo,Programa ARPA - Áreas Protegidas da Amazônia,666548.79,668160,Federal,AMAZONAS,MAUÉS (AM),INSTITUTO CHICO MENDES DE CONSERVAÇÃO DA BIODIVERSIDADE,Proteção Integral,Estação Ecológica,Category Ia,666552.46,,,,,,,Ativo,uc
,64040,23964,0000.00.0104,351835,FLORESTA NACIONAL DE PAU-ROSA,08-08-2001,Decreto S/N de 07-08-2001,Sem informação,Sim,Sim,Polígono corresponde ao memorial descritivo,,985311.66,827877,Federal,AMAZONAS,"BORBA (AM), MAUÉS (AM), NOVA OLINDA DO NORTE (AM)",INSTITUTO CHICO MENDES DE CONSERVAÇÃO DA BIODIVERSIDADE,Uso Sustentável,Floresta,Category VI,985375.24,,,,,,,Ativo,uc
,64306,24052,0000.00.1612,478418,FLORESTA NACIONAL DO IQUIRI,09-05-2008,Decreto SN de 08-05-2008,Sem informação,Sim,Sim,Polígono corresponde ao memorial descritivo,,1470185.58,1476073,Federal,AMAZONAS,LÁBREA (AM),INSTITUTO CHICO MENDES DE CONSERVAÇÃO DA BIODIVERSIDADE,Uso Sustentável,Floresta,Category VI,1470187.91,,,,,,,Ativo,uc
,64519,24119,0000.00.0230,351772,RESERVA EXTRATIVISTA DO BAIXO JURUÁ,02-08-2001,Decreto S/N de 01-08-2001,Sem informação,Sim,Sim,Polígono corresponde ao memorial descritivo,"Programa ARPA - Áreas Protegidas da Amazônia, Sítio Ramsar Rio Juruá",176572.04,187982,Federal,AMAZONAS,"JURUÁ (AM), UARINI (AM)",INSTITUTO CHICO MENDES DE CONSERVAÇÃO DA BIODIVERSIDADE,Uso Sustentável,Reserva Extrativista,Category VI,176575.52,,,,,,,Ativo,uc
,64569,24131,0000.00.0233,351761,RESERVA EXTRATIVISTA DO LAGO DO CUNIÃ,11-11-1999,Decreto nº 3.238 de 11-11-1999,"Decreto nº 3.449 de 09-05-2000 Regulamentação , Decreto nº 9.368 de 26-12-2018 Ampliação , Lei complementar nº 15.039 de 09-12-2024 Convalidação de Ato Legal pretérito",Sim,Sim,Polígono corresponde ao memorial descritivo,,76409.99,55850,Federal,RONDÔNIA,PORTO VELHO (RO),INSTITUTO CHICO MENDES DE CONSERVAÇÃO DA BIODIVERSIDADE,Uso Sustentável,Reserva Extrativista,Category VI,203416.85,,,,,,,Ativo,uc
,64587,24135,0000.00.0072,10830,ESTAÇÃO ECOLÓGICA JUAMI-JAPURÁ,22-07-1983,Decreto N° 88.542 de 21-07-1983,"Decreto Nº 91.307 de 03-06-1985 Recategorização , Portaria Nº 374 de 11-10-2001 Ampliação",Sim,Sim,Polígono corresponde ao memorial descritivo,Programa ARPA - Áreas Protegidas da Amazônia,831203.38,572650,Federal,AMAZONAS,JAPURÁ (AM),INSTITUTO CHICO MENDES DE CONSERVAÇÃO DA BIODIVERSIDADE,Proteção Integral,Estação Ecológica,Category Ia,831201.46,,,,,,,Ativo,uc
,65049,24266,0000.00.0056,10845,ESTAÇÃO ECOLÓGICA DE JUTAÍ-SOLIMÕES,22-07-1983,Decreto Nº 88.541 de 21-07-1983,Portaria Nº 375 de 11-10-2001 Recategorização,Sim,Sim,Polígono corresponde ao memorial descritivo,Programa ARPA - Áreas Protegidas da Amazônia,290120.3,288187,Federal,AMAZONAS,"AMATURÁ (AM), JUTAÍ (AM), SANTO ANTÔNIO DO IÇÁ (AM), TONANTINS (AM)",INSTITUTO CHICO MENDES DE CONSERVAÇÃO DA BIODIVERSIDADE,Proteção Integral,Estação Ecológica,Category Ia,575954.72,,,,,,,Ativo,uc
,65228,24352,0000.00.0206,5126,RESERVA BIOLÓGICA DO GUAPORÉ,20-09-1982,Decreto Nº 87.587 de 20-09-1982,Sem informação,Sim,Sim,Polígono corresponde ao memorial descritivo,"Programa ARPA - Áreas Protegidas da Amazônia, Sítio Ramsar REBIO Guaporé",615810.66,600000,Federal,RONDÔNIA,"ALTA FLORESTA D'OESTE (RO), SÃO FRANCISCO DO GUAPORÉ (RO), SÃO MIGUEL DO GUAPORÉ (RO)",INSTITUTO CHICO MENDES DE CONSERVAÇÃO DA BIODIVERSIDADE,Proteção Integral,Reserva Biológica,Category Ia,615662.06,,,,,,,Ativo,uc
