species,ESTAÇÃO ECOLÓGICA DE CUNIÃ,ESTAÇÃO ECOLÓGICA DE JUTAÍ-SOLIMÕES,ESTAÇÃO ECOLÓGICA JUAMI-JAPURÁ,ESTAÇÃO ECOLÓGICA RIO ACRE,FLORESTA NACIONAL DE JACUNDÁ,FLORESTA NACIONAL DE PAU-ROSA,FLORESTA NACIONAL DE SÃO FRANCISCO,FLORESTA NACIONAL DE TEFÉ,FLORESTA NACIONAL DO AMAZONAS,FLORESTA NACIONAL DO ARIPUANÃ,FLORESTA NACIONAL DO IQUIRI,FLORESTA NACIONAL DO JAMARI,FLORESTA NACIONAL DO PURÚS,FLORESTA NACIONAL MAPIÁ - INAUINI,PARQUE NACIONAL DA AMAZÔNIA,PARQUE NACIONAL DA SERRA DO DIVISOR,PARQUE NACIONAL DE ANAVILHANAS,PARQUE NACIONAL DE PACAÁS NOVOS,PARQUE NACIONAL DO ACARI,PARQUE NACIONAL DO JAÚ,PARQUE NACIONAL DO JURUENA,PARQUE NACIONAL DO PICO DA NEBLINA,PARQUE NACIONAL DOS CAMPOS AMAZÔNICOS,PARQUE NACIONAL MAPINGUARI,RESERVA BIOLÓGICA DO ABUFARI,RESERVA BIOLÓGICA DO GUAPORÉ,RESERVA BIOLÓGICA DO JARU,RESERVA BIOLÓGICA DO UATUMÃ,RESERVA EXTRATIVISTA ARAPIXI,RESERVA EXTRATIVISTA BAIXO RIO BRANCO-JAUAPERI,RESERVA EXTRATIVISTA CHICO MENDES,RESERVA EXTRATIVISTA DO ALTO JURUÁ,RESERVA EXTRATIVISTA DO BAIXO JURUÁ,RESERVA EXTRATIVISTA DO CAZUMBÁ-IRACEMA,RESERVA EXTRATIVISTA DO LAGO DO CAPANÃ GRANDE,RESERVA EXTRATIVISTA DO LAGO DO CUNIÃ,RESERVA EXTRATIVISTA DO MÉDIO JURUÁ,RESERVA EXTRATIVISTA DO MÉDIO PURÚS,RESERVA EXTRATIVISTA DO RIO DO CAUTÁRIO,RESERVA EXTRATIVISTA DO RIO JUTAÍ,RESERVA EXTRATIVISTA RIOZINHO DA LIBERDADE,ÁREA DE RELEVANTE INTERESSE ECOLÓGICO JAVARI BURITI,ÁREA DE RELEVANTE INTERESSE ECOLÓGICO PROJETO DINÂMICA BIOLÓGICA DE FRAGMENTOS FLORESTAIS
Alouatta belzebul,0,0,0,0,0,0,0,0,0,0,0,0,0,0,0,0,1,0,0,0,0,0,0,0,0,0,0,0,0,0,0,0,0,0,0,0,0,0,0,0,0,0,0
Alouatta caraya,0,0,0,0,0,0,0,0,0,0,0,0,0,0,0,0,0,0,0,0,0,0,0,0,0,8,0,0,0,0,0,0,0,0,0,0,0,0,0,0,0,0,0
Alouatta macconnelli,0,0,0,0,0,0,0,0,0,0,0,0,0,0,0,0,1,0,0,0,0,0,0,0,0,0,0,0,0,0,0,0,0,0,0,0,0,0,0,0,0,0,1
Alouatta nigerrima,0,0,0,0,0,2,0,0,0,0,0,0,0,0,6,0,0,0,0,0,0,0,0,0,0,0,0,0,0,0,0,0,0,0,0,0,0,0,0,0,0,0,0
Alouatta puruensis,0,0,0,0,0,0,0,0,0,0,0,0,0,0,0,0,0,0,0,0,1,0,0,0,0,0,1,0,0,0,0,0,0,0,0,0,0,1,0,0,0,0,0
Alouatta seniculus,0,3,0,0,0,0,0,2,0,0,0,0,0,0,0,1,1,1,0,2,0,5,0,0,2,0,0,0,0,0,3,0,1,0,0,0,1,0,1,2,0,0,1
Aotus azarae,0,0,0,0,0,0,0,0,0,0,0,0,0,0,0,0,0,0,0,0,0,0,0,0,0,0,0,0,0,0,0,0,0,0,0,2,0,0,0,0,0,0,0
Aotus nancymai,0,0,0,0,0,0,0,0,0,0,0,0,0,0,0,1,0,0,0,0,0,0,0,0,0,0,0,0,0,0,0,0,0,0,0,0,1,0,0,0,0,0,0
Aotus nigriceps,0,0,0,0,0,0,0,0,0,0,0,0,1,0,0,0,0,0,0,0,0,0,0,0,0,2,0,0,0,0,0,0,2,0,0,0,1,0,0,0,0,0,0
Aotus trivirgatus,0,0,0,0,0,0,0,0,0,0,0,0,0,0,2,2,0,0,0,0,0,0,0,0,0,0,0,0,0,0,0,0,0,0,0,0,0,0,0,0,0,0,0
Aotus vociferans,0,0,0,0,0,0,0,0,0,0,0,0,0,0,0,0,1,0,0,0,0,0,0,0,0,0,0,0,0,0,0,0,0,0,0,0,0,0,0,0,0,0,0
Ateles belzebuth,0,0,0,0,0,0,0,0,0,0,0,0,0,0,0,0,0,0,0,0,0,2,0,0,0,0,0,0,0,0,0,0,0,0,0,0,0,0,0,0,0,0,0
Ateles chamek,0,4,0,1,41,0,0,0,0,0,0,2,0,3,2,2,0,0,0,0,12,0,2,0,0,5,1,0,0,0,0,0,3,0,0,0,1,0,0,2,0,0,0
Ateles paniscus,0,0,0,0,0,0,0,0,0,0,0,0,0,0,0,0,2,0,0,0,0,0,0,0,0,0,0,1,0,0,0,0,0,0,0,0,0,0,0,0,0,0,0
Cacajao calvus,0,6,0,0,0,0,0,0,0,0,0,0,0,0,0,6,0,0,0,0,0,0,0,0,0,0,0,0,0,0,0,0,0,0,0,0,1,0,0,10,0,0,0
Cacajao hosomi,0,0,0,0,0,0,0,0,0,0,0,0,0,0,0,0,0,0,0,0,0,4,0,0,0,0,0,0,0,0,0,0,0,0,0,0,0,0,0,0,0,0,0
Cacajao melanocephalus,0,0,2,0,0,0,0,0,0,0,0,0,0,0,0,0,0,0,0,5,0,0,0,0,0,0,0,0,0,0,0,0,0,0,0,0,0,0,0,0,0,0,0
Callimico goeldii,0,0,0,0,0,0,1,0,0,0,0,0,2,0,0,1,0,0,0,0,0,0,0,0,0,0,0,0,1,0,2,0,0,2,0,0,0,0,0,0,0,0,0
Cebuella niveiventris,0,0,0,0,0,0,0,0,0,0,0,0,0,0,0,4,0,0,0,0,0,0,0,0,0,0,0,0,0,0,0,0,0,0,0,0,0,0,0,5,0,0,0
Cebuella pygmaea,0,0,0,0,0,0,0,0,0,0,0,0,0,0,0,1,0,0,0,0,0,0,0,0,0,0,0,0,0,0,0,0,0,0,0,0,0,0,0,0,0,0,0
Cebus albifrons,0,0,0,0,0,0,0,0,0,0,0,0,2,0,1,0,1,0,0,1,0,2,0,0,0,0,0,0,1,0,1,0,0,1,0,0,0,1,0,0,1,0,0
Cebus olivaceus,0,0,0,0,0,0,0,0,0,0,0,0,0,0,0,0,1,0,0,0,0,0,0,0,0,0,0,0,0,0,0,0,0,0,0,0,0,0,0,0,0,0,0
Cebus unicolor,0,0,0,0,0,0,0,0,0,0,1,0,0,0,3,2,1,0,1,0,0,0,0,0,0,0,0,0,0,0,0,0,0,0,0,0,1,0,0,0,0,0,0
Cheracebus lucifer,0,0,2,0,0,0,0,0,0,0,0,0,0,0,0,0,0,0,0,0,0,0,0,0,0,0,0,0,0,0,0,0,0,0,0,0,0,0,0,0,0,0,0
Cheracebus lugens,0,0,0,0,0,0,0,0,2,0,0,0,0,0,0,0,0,0,0,0,0,3,0,0,0,0,0,0,0,0,0,0,0,0,0,0,0,0,0,0,0,0,0
Cheracebus regulus,0,0,0,0,0,0,0,0,0,0,0,0,0,0,0,0,0,0,0,0,0,0,0,0,0,0,0,0,0,0,0,0,0,0,0,0,0,0,0,5,0,0,0
Cheracebus torquatus,0,0,2,0,0,0,0,0,0,0,0,0,1,0,0,0,0,0,0,1,0,0,0,0,4,0,0,0,1,0,0,0,2,0,0,0,0,0,0,0,0,0,0
Chiropotes albinasus,0,0,0,0,0,0,0,0,0,0,0,0,0,0,5,0,0,0,0,0,9,0,0,0,0,0,2,0,0,0,0,0,0,0,0,0,0,0,0,0,0,0,0
Chiropotes chiropotes,0,0,0,0,0,0,0,0,1,0,0,0,0,0,0,0,1,0,0,0,0,0,0,0,0,0,0,0,0,0,0,0,0,0,0,0,0,0,0,0,0,0,0
Chiropotes israelita,0,0,0,0,0,0,0,0,1,0,0,0,0,0,0,0,0,0,0,0,0,0,0,0,0,0,0,0,0,0,0,0,0,0,0,0,0,0,0,0,0,0,0
Chiropotes sagulatus,0,0,0,0,0,0,0,0,0,0,0,0,0,0,0,0,0,0,0,0,0,0,0,0,0,0,0,0,0,1,0,0,0,0,0,0,0,0,0,0,0,0,0
Chiropotes satanas,0,0,0,0,0,0,0,0,0,0,0,0,0,0,0,0,0,0,0,0,0,0,0,0,0,0,0,0,0,0,0,0,1,0,0,0,0,0,0,0,0,0,0
Lagothrix lagothricha,0,0,2,0,0,0,0,0,0,1,0,0,1,0,0,2,0,0,0,0,3,0,2,0,0,0,8,0,0,0,0,0,4,0,0,0,0,2,0,0,0,0,0
Leontocebus fuscicollis,0,0,2,0,0,0,1,0,0,0,1,1,2,0,0,15,0,0,0,0,0,0,0,0,0,3,0,0,1,0,0,0,0,1,0,0,1,1,0,0,0,0,0
Leontocebus weddelli,0,0,0,0,47,0,0,0,0,0,0,3,0,0,0,0,0,0,0,0,0,0,0,2,0,0,0,0,0,0,1,0,0,1,0,0,0,0,0,0,2,0,0
Mico humeralifer,0,0,0,0,0,0,0,0,0,0,0,0,0,0,11,0,0,0,0,0,0,0,0,0,0,0,0,0,0,0,0,0,0,0,0,0,0,0,0,0,0,0,0
Mico melanurus,0,0,0,0,0,0,0,0,0,0,0,0,0,0,0,0,0,0,0,0,4,0,0,0,0,1,0,0,0,0,0,0,0,0,0,0,0,0,0,0,0,0,0
Mico rondoni,0,0,0,0,49,0,0,0,0,0,0,3,0,0,0,0,0,0,0,0,0,0,0,2,0,0,0,0,0,0,0,0,0,0,0,0,0,0,0,0,0,0,0
Pithecia albicans,0,0,0,0,0,0,0,0,0,0,0,0,0,0,0,0,0,0,0,0,0,0,0,0,3,0,0,0,0,0,0,0,1,0,0,0,1,0,0,0,0,0,0
Pithecia chrysocephala,0,0,0,0,0,0,0,0,0,0,0,0,0,0,0,0,1,0,0,0,0,0,0,0,0,0,0,0,0,0,0,0,1,0,0,0,0,0,0,0,0,0,0
Pithecia irrorata,1,0,0,0,12,1,0,0,0,0,0,1,1,0,3,0,0,0,0,0,2,0,0,0,0,1,1,0,0,0,0,0,0,0,0,0,0,0,0,0,0,0,0
Pithecia mittermeieri,0,0,0,0,0,0,0,0,0,0,0,0,0,0,0,0,0,0,0,0,1,0,0,0,0,0,0,0,0,0,0,0,0,0,0,0,0,0,0,0,0,0,0
Pithecia monachus,0,0,0,0,0,0,0,0,0,0,0,0,0,0,0,0,0,0,0,0,0,0,0,0,0,0,0,0,0,0,0,0,0,0,0,0,1,0,0,0,0,0,0
Pithecia pithecia,0,0,0,0,0,0,0,0,0,0,0,0,0,0,0,0,0,0,0,1,0,0,0,0,0,0,0,0,0,0,0,0,0,0,0,0,0,0,0,0,0,0,24
Pithecia vanzolinii,0,0,0,0,0,0,0,0,0,0,0,0,0,0,0,0,0,0,0,0,0,0,0,0,0,0,0,0,0,0,0,1,0,0,0,0,0,0,0,0,0,0,0
Plecturocebus baptista,0,0,0,0,0,0,0,0,0,0,0,0,0,0,2,0,0,0,0,0,0,0,0,0,0,0,0,0,0,0,0,0,0,0,0,0,0,0,0,0,0,0,0
Plecturocebus bernhardi,0,0,0,0,0,0,0,0,0,1,0,0,0,0,0,0,0,0,0,0,0,0,0,0,0,0,10,0,0,0,0,0,0,0,0,0,0,0,1,0,0,0,0
Plecturocebus brunneus,0,0,0,0,45,0,0,0,0,0,0,3,0,0,0,0,0,0,0,0,0,0,0,0,0,0,0,0,0,0,0,0,0,0,0,0,0,0,0,0,0,0,0
Plecturocebus caligatus,1,0,0,0,0,0,0,0,0,0,0,0,0,0,0,0,0,0,0,0,0,0,0,1,0,0,0,0,0,0,0,0,0,0,1,1,0,0,0,0,0,0,0
Plecturocebus cinerascens,0,0,0,0,0,0,0,0,0,0,0,0,0,0,0,0,0,0,0,0,2,0,0,0,0,0,0,0,0,0,0,0,0,0,0,0,0,0,0,0,0,0,0
Plecturocebus cupreus,0,4,0,0,0,0,0,0,0,0,0,0,1,0,0,2,0,0,0,0,0,0,0,0,2,0,0,0,0,0,0,0,5,0,0,0,0,0,0,2,0,0,0
Plecturocebus hoffmannsi,0,0,0,0,0,0,0,0,0,0,0,0,0,0,4,0,0,0,0,0,0,0,0,0,0,0,0,0,0,0,0,0,0,0,0,0,0,0,0,0,0,0,0
Plecturocebus miltoni,0,0,0,0,0,0,0,0,0,0,0,0,0,0,0,0,0,0,0,0,0,0,1,0,0,0,0,0,0,0,0,0,0,0,0,0,0,0,0,0,0,0,0
Plecturocebus moloch,0,0,0,0,0,0,0,0,0,0,0,0,0,0,0,0,0,0,0,0,2,0,0,0,0,7,0,0,0,0,0,0,0,0,0,0,0,0,0,0,0,0,0
Plecturocebus toppini,0,0,0,1,0,0,0,0,0,0,0,0,0,0,0,1,0,0,0,0,0,0,0,0,0,0,0,0,0,0,1,0,0,1,0,0,0,0,0,0,0,0,0
Saguinus bicolor,0,0,0,0,0,0,0,0,0,0,0,0,0,0,0,0,0,0,0,0,0,0,0,0,0,0,0,0,0,0,0,0,1,0,0,0,0,0,0,0,0,0,0
Saguinus imperator,0,0,0,0,0,0,0,0,0,0,0,0,0,4,0,0,0,0,0,0,0,0,0,0,0,0,0,0,1,0,0,0,0,0,0,0,0,0,0,0,0,0,0
Saguinus labiatus,0,0,0,0,0,0,0,0,0,0,1,0,0,0,0,0,0,0,0,0,0,0,0,0,0,0,0,0,0,0,0,0,0,0,0,0,0,0,0,0,0,0,0
Saguinus martinsi,0,0,0,0,0,0,0,0,0,0,0,0,0,0,1,0,0,0,0,0,0,0,0,0,0,0,0,0,0,0,0,0,0,0,0,0,0,0,0,0,0,0,0
Saguinus midas,0,0,0,0,0,0,0,0,0,0,0,0,0,0,0,0,1,0,0,0,0,0,0,0,0,0,0,1,0,0,0,0,0,0,0,0,0,0,0,0,0,0,0
Saguinus mystax,0,0,0,0,0,0,0,0,0,0,0,0,1,0,0,17,0,0,0,0,0,0,0,0,3,0,0,0,0,0,0,0,3,0,0,0,1,0,0,0,0,0,0
Saguinus niger,0,0,0,0,0,0,0,0,0,0,0,0,0,0,0,0,1,0,0,0,0,0,0,0,0,0,0,0,0,0,0,0,0,0,0,0,0,0,0,0,0,0,0
Saimiri boliviensis,0,0,0,0,0,0,0,0,0,0,0,0,1,0,0,1,0,0,0,0,0,0,0,0,0,0,0,0,1,0,1,0,0,1,0,0,1,1,0,0,1,0,0
Saimiri cassiquiarensis,0,0,0,0,0,0,0,0,0,0,0,0,0,0,0,0,1,0,0,1,0,0,0,0,0,0,0,0,0,0,0,0,0,0,0,0,0,0,0,0,0,0,0
Saimiri macrodon,0,0,0,0,0,0,0,0,0,0,0,0,0,0,0,0,0,0,0,0,0,0,0,0,0,0,0,0,0,0,0,0,3,0,0,0,2,0,0,0,0,2,0
Saimiri sciureus,0,0,0,0,0,0,0,0,0,0,0,1,0,0,0,0,4,0,0,1,0,0,0,0,0,0,0,0,0,0,0,0,0,0,0,0,0,0,0,0,0,0,0
Saimiri ustus,1,0,0,0,8,0,0,0,0,0,0,3,0,0,2,0,1,0,0,0,4,0,1,0,2,5,0,0,0,0,0,0,0,0,1,0,0,0,0,0,0,0,0
Sapajus apella,0,0,0,0,33,0,0,0,0,1,0,4,0,2,7,0,2,1,0,1,16,0,1,1,3,10,2,0,1,0,1,0,1,1,1,0,4,1,1,0,1,0,1
