nome_uc,uf,ha_total,n_celulas_sdm,adequabilidade_media,fracao_floresta_media,adequabilidade_floresta_media,incerteza_media,obs
RESERVA BIOLÓGICA DO JARU,RONDÔNIA,346862.66,20,0.5565879940986633,0.8342230916023254,0.47241178154945374,0.2404748946428299,
PARQUE NACIONAL DO JURUENA,"AMAZONAS, MATO GROSSO",1957013.52,94,0.456356018781662,0.8984442353248596,0.4092673361301422,0.30091121792793274,
ÁREA DE PROTEÇÃO AMBIENTAL DOS CAMPOS DE MANICORÉ,AMAZONAS,152389.93,11,0.45865336060523987,0.8851175308227539,0.40636393427848816,0.3220471143722534,
RESERVA BIOLÓGICA DO MANICORÉ,AMAZONAS,359140.41,21,0.4518643319606781,0.8898500800132751,0.4021751284599304,0.3217039704322815,
FLORESTA NACIONAL DO AMANA,"AMAZONAS, PARÁ",682642.97,36,0.4098251760005951,0.9579126834869385,0.39273086190223694,0.2879709005355835,
PARQUE NACIONAL DOS CAMPOS AMAZÔNICOS,"AMAZONAS, MATO GROSSO, RONDÔNIA",961307.54,56,0.5180426239967346,0.7404419183731079,0.3901503384113312,0.2707728445529938,
ESTAÇÃO ECOLÓGICA ALTO MAUÉS,AMAZONAS,666548.79,42,0.3956875503063202,0.981950044631958,0.38881224393844604,0.2802410423755646,
FLORESTA NACIONAL DO JATUARANA,AMAZONAS,568293.42,33,0.4244864583015442,0.9073172807693481,0.3875799775123596,0.29691171646118164,
ESTAÇÃO ECOLÓGICA JUAMI-JAPURÁ,AMAZONAS,831203.38,46,0.43930888175964355,0.876430332660675,0.3849332630634308,0.2788594663143158,
FLORESTA NACIONAL DE URUPADI,AMAZONAS,537993.07,33,0.4060056209564209,0.9462308883666992,0.38430169224739075,0.2875928580760956,
RESERVA EXTRATIVISTA DO BAIXO JURUÁ,AMAZONAS,176572.04,12,0.5303038954734802,0.7227482795715332,0.3840561807155609,0.2365378588438034,
FLORESTA NACIONAL DE HUMAITÁ,AMAZONAS,476599.1,31,0.45667919516563416,0.8397579789161682,0.38297611474990845,0.2913219630718231,
FLORESTA NACIONAL DO ARIPUANÃ,AMAZONAS,751289.09,45,0.44024425745010376,0.8488474488258362,0.37485888600349426,0.3109229505062103,
PARQUE NACIONAL DA AMAZÔNIA,"AMAZONAS, PARÁ",1066287.54,52,0.3923395574092865,0.952204167842865,0.3740938603878021,0.2778351604938507,
FLORESTA NACIONAL DE BALATA-TUFARI,AMAZONAS,1088787.49,56,0.4344720244407654,0.8346090316772461,0.36263832449913025,0.30430522561073303,
FLORESTA NACIONAL DE PAU-ROSA,AMAZONAS,985311.66,56,0.37917467951774597,0.938736617565155,0.3565097451210022,0.26514288783073425,
FLORESTA NACIONAL DO PURÚS,AMAZONAS,256125.9,18,0.3775508403778076,0.9365177154541016,0.3555799424648285,0.21022361516952515,
FLORESTA NACIONAL DE TEFÉ,AMAZONAS,865116.21,44,0.4040835201740265,0.8788702487945557,0.3520336449146271,0.26933562755584717,
PARQUE NACIONAL DO ACARI,AMAZONAS,896420.5,44,0.3806985020637512,0.922385573387146,0.3508051335811615,0.26828452944755554,
RESERVA EXTRATIVISTA DO MÉDIO PURÚS,AMAZONAS,600547.32,45,0.44502174854278564,0.7613582015037537,0.34003746509552,0.2598511576652527,
FLORESTA NACIONAL DE JACUNDÁ,RONDÔNIA,220820.57,16,0.4479645788669586,0.7453809976577759,0.3349642753601074,0.28187835216522217,
RESERVA EXTRATIVISTA ITUXÍ,AMAZONAS,777381.62,39,0.36934173107147217,0.9010403752326965,0.3326149582862854,0.2655472755432129,
RESERVA EXTRATIVISTA DO LAGO DO CUNIÃ,RONDÔNIA,76409.99,7,0.43011507391929626,0.7720735669136047,0.33203238248825073,0.30052050948143005,
PARQUE NACIONAL NASCENTES DO LAGO JARI,AMAZONAS,808598.7,44,0.37491968274116516,0.8796104192733765,0.33018723130226135,0.2609299123287201,
RESERVA PARTICULAR DO PATRIMÔNIO NATURAL SERINGAL ASSUNÇÃO,RONDÔNIA,590.43,1,0.43322086334228516,0.7578890323638916,0.3283333480358124,0.3014577627182007,
FLORESTA NACIONAL DO JAMARI,RONDÔNIA,226733.15,13,0.4350753128528595,0.7529159784317017,0.32747018337249756,0.30813026428222656,
FLORESTA NACIONAL MAPIÁ - INAUINI,AMAZONAS,368945.8,26,0.3301013112068176,0.979772686958313,0.3232271373271942,0.22066082060337067,
RESERVA EXTRATIVISTA DO LAGO DO CAPANÃ GRANDE,AMAZONAS,305074.64,20,0.3527401089668274,0.8998279571533203,0.3187495470046997,0.2474265843629837,
PARQUE NACIONAL MAPINGUARI,"AMAZONAS, RONDÔNIA",1776910.95,91,0.39089757204055786,0.8045452237129211,0.316165566444397,0.25442928075790405,
ESTAÇÃO ECOLÓGICA DE CUNIÃ,"AMAZONAS, RONDÔNIA",182607.61,19,0.43417349457740784,0.7218146324157715,0.31267836689949036,0.2958807349205017,
PARQUE NACIONAL DO JAÚ,AMAZONAS,2367323.17,93,0.40427812933921814,0.7679398059844971,0.31013980507850647,0.2865482568740845,
RESERVA EXTRATIVISTA RIO UNINI,AMAZONAS,849679.76,58,0.41568881273269653,0.7429684400558472,0.30929309129714966,0.29430773854255676,
FLORESTA NACIONAL DO IQUIRI,AMAZONAS,1470185.58,74,0.3496566712856293,0.8585442900657654,0.30026954412460327,0.2410966455936432,
RESERVA EXTRATIVISTA DO MÉDIO JURUÁ,AMAZONAS,286954.95,19,0.383271187543869,0.7315014004707336,0.2803744971752167,0.26809316873550415,
RESERVA EXTRATIVISTA RIOZINHO DA LIBERDADE,ACRE,324899.93,20,0.2831001579761505,0.979605495929718,0.27721959352493286,0.20667028427124023,
PARQUE NACIONAL DE PACAÁS NOVOS,RONDÔNIA,706117.11,39,0.36001548171043396,0.7509645223617554,0.26887640357017517,0.2576364278793335,
RESERVA EXTRATIVISTA ARAPIXI,AMAZONAS,133705.05,12,0.2833941876888275,0.904061496257782,0.25665464997291565,0.21277576684951782,
RESERVA EXTRATIVISTA DO ALTO TARAUACÁ,ACRE,154131.6,14,0.26202961802482605,0.9703918099403381,0.254605233669281,0.19099974632263184,
FLORESTA NACIONAL DE SANTA ROSA DO PURUS,ACRE,231552.72,18,0.2533654570579529,0.9510374069213867,0.24092157185077667,0.19010841846466064,
RESERVA EXTRATIVISTA DO CAZUMBÁ-IRACEMA,ACRE,756926.54,40,0.25066614151000977,0.9594131708145142,0.24024763703346252,0.19036830961704254,
PARQUE NACIONAL DA SERRA DO DIVISOR,ACRE,837554.36,47,0.3131340444087982,0.7466221451759338,0.23934388160705566,0.21059171855449677,
FLORESTA NACIONAL DO MACAUÃ,ACRE,176367.87,13,0.24025234580039978,0.9954175353050232,0.23915253579616547,0.18193291127681732,
FLORESTA NACIONAL DE SÃO FRANCISCO,ACRE,21148.14,7,0.23999856412410736,0.991766095161438,0.23802025616168976,0.1817253977060318,
RESERVA EXTRATIVISTA DO ALTO JURUÁ,ACRE,537979.87,26,0.25722333788871765,0.9246177673339844,0.23794147372245789,0.1878005862236023,
PARQUE NACIONAL DE ANAVILHANAS,AMAZONAS,350233.88,18,0.4086984395980835,0.5481759905815125,0.2350444793701172,0.25964847207069397,
RESERVA EXTRATIVISTA DO RIO JUTAÍ,AMAZONAS,275511.12,18,0.38371190428733826,0.61319500207901,0.23483102023601532,0.26788076758384705,
FLORESTA NACIONAL DO BOM FUTURO,RONDÔNIA,100084.14,13,0.4010739028453827,0.5765303373336792,0.23207908868789673,0.2768564820289612,
PARQUE NACIONAL DO PICO DA NEBLINA,AMAZONAS,2252546.46,6,0.3805849254131317,0.5977869629859924,0.22567309439182281,0.2514491379261017,
PARQUE NACIONAL SERRA DA CUTIA,RONDÔNIA,283498.13,20,0.245523601770401,0.8896824717521667,0.21749453246593475,0.16990108788013458,
RESERVA EXTRATIVISTA DO RIO OURO PRETO,RONDÔNIA,183986.47,17,0.26329872012138367,0.7426052689552307,0.202095627784729,0.1837499439716339,
RESERVA EXTRATIVISTA BARREIRO DAS ANTAS,RONDÔNIA,106110.99,10,0.21911266446113586,0.8962539434432983,0.19787117838859558,0.15573474764823914,
RESERVA PARTICULAR DO PATRIMÔNIO NATURAL FAZENDA BOSCO,RONDÔNIA,486.82,2,0.32850462198257446,0.6057344079017639,0.19411979615688324,0.2199954241514206,
RESERVA EXTRATIVISTA DO RIO DO CAUTÁRIO,RONDÔNIA,75125.03,9,0.26131224632263184,0.7341140508651733,0.1898302137851715,0.17362843453884125,
RESERVA EXTRATIVISTA AUATÍ-PARANÁ,AMAZONAS,141985.91,15,0.4425584673881531,0.41945043206214905,0.1879359632730484,0.31657466292381287,
ESTAÇÃO ECOLÓGICA DE JUTAÍ-SOLIMÕES,AMAZONAS,290120.3,17,0.3829662501811981,0.4668619930744171,0.1778055727481842,0.27087876200675964,
ESTAÇÃO ECOLÓGICA RIO ACRE,ACRE,78915.83,8,0.22265425324440002,0.7431017160415649,0.16454477608203888,0.1687011420726776,
RESERVA EXTRATIVISTA BAIXO RIO BRANCO-JAUAPERI,"AMAZONAS, RORAIMA",580621.06,8,0.40711718797683716,0.38730281591415405,0.15924638509750366,0.2865069508552551,
RESERVA EXTRATIVISTA CHICO MENDES,ACRE,931452.27,50,0.20966224372386932,0.7485256791114807,0.1586301177740097,0.1571865826845169,
ÁREA DE RELEVANTE INTERESSE ECOLÓGICO JAVARI BURITI,AMAZONAS,13176.89,6,0.3782884180545807,0.3841719925403595,0.14470089972019196,0.266523152589798,
RESERVA PARTICULAR DO PATRIMÔNIO NATURAL FRIGONOSSO,RONDÔNIA,558.06,1,0.24964863061904907,0.5021182298660278,0.1253531277179718,0.17745976150035858,
RESERVA BIOLÓGICA DO GUAPORÉ,RONDÔNIA,615810.66,35,0.2713545262813568,0.4357447326183319,0.1250995695590973,0.19555522501468658,
FLORESTA NACIONAL DO AMAZONAS,AMAZONAS,1944158.55,2,0.36453574895858765,0.34042245149612427,0.12345489859580994,0.25786465406417847,
RESERVA BIOLÓGICA DO ABUFARI,AMAZONAS,224744.98,13,0.36827167868614197,0.32141372561454773,0.11919289082288742,0.2570001780986786,
ÁREA DE RELEVANTE INTERESSE ECOLÓGICO SERINGAL NOVA ESPERANÇA,ACRE,2573.98,1,0.19958297908306122,0.5022464990615845,0.10023985058069229,0.1503165364265442,
RESERVA PARTICULAR DO PATRIMÔNIO NATURAL DR. DAISAKU IKEDA,AMAZONAS,50.03,1,0.38408222794532776,0.23737706243991852,0.09117230772972107,0.20943805575370789,
RESERVA PARTICULAR DO PATRIMÔNIO NATURAL AJURICABA,AMAZONAS,302.37,1,0.38878771662712097,0.22873136401176453,0.08892794698476791,0.2753572463989258,
RESERVA PARTICULAR DO PATRIMÔNIO NATURAL ILHAS ALEXANDRE RODRIGUES FERREIRA,AMAZONAS,302.37,1,0.38878771662712097,0.22873136401176453,0.08892794698476791,0.2753572463989258,
RESERVA PARTICULAR DO PATRIMÔNIO NATURAL NOVA AURORA,RONDÔNIA,18.53,1,0.4587593972682953,0.19019490480422974,0.08725369721651077,0.30104565620422363,
RESERVA PARTICULAR DO PATRIMÔNIO NATURAL GIBEÃO,RONDÔNIA,31.32,1,0.45436131954193115,0.13609251379966736,0.06183517351746559,0.3245013654232025,
RESERVA PARTICULAR DO PATRIMÔNIO NATURAL IRMÃOS SATELIS,RONDÔNIA,41.13,1,0.45436131954193115,0.13609251379966736,0.06183517351746559,0.3245013654232025,
PARQUE NACIONAL SERRA DA MOCIDADE,"AMAZONAS, RORAIMA",359371.13,11,0.36470934748649597,0.15611886978149414,0.05816199630498886,0.2590848505496979,
RESERVA PARTICULAR DO PATRIMÔNIO NATURAL VALE DAS ANTAS,RONDÔNIA,62.46,1,0.4344778060913086,0.11580314487218857,0.05031389743089676,0.3058736026287079,
RESERVA PARTICULAR DO PATRIMÔNIO NATURAL ÁGUA BOA,RONDÔNIA,45.42,1,0.44189774990081787,0.11271876096725464,0.04981016740202904,0.31679606437683105,
RESERVA PARTICULAR DO PATRIMÔNIO NATURAL RESERVA DOS ARQUEIROS,AMAZONAS,24.01,0,,,,,"UC menor que a resolução da grade do SDM (~18,5 km) — sem célula própria"
RESERVA PARTICULAR DO PATRIMÔNIO NATURAL SANTUÁRIO,AMAZONAS,57.65,0,,,,,"UC menor que a resolução da grade do SDM (~18,5 km) — sem célula própria"
RESERVA PARTICULAR DO PATRIMÔNIO NATURAL RESERVA SOL NASCENTE,AMAZONAS,19.21,0,,,,,"UC menor que a resolução da grade do SDM (~18,5 km) — sem célula própria"
RESERVA PARTICULAR DO PATRIMÔNIO NATURAL ESTÂNCIA RIVAS,AMAZONAS,96.05,0,,,,,"UC menor que a resolução da grade do SDM (~18,5 km) — sem célula própria"
RESERVA PARTICULAR DO PATRIMÔNIO NATURAL RESERVA DOS QUATRO ELEMENTOS,AMAZONAS,24.01,0,,,,,"UC menor que a resolução da grade do SDM (~18,5 km) — sem célula própria"
RESERVA PARTICULAR DO PATRIMÔNIO NATURAL RESERVA DR. PHELIPPE DAOU,AMAZONAS,64.83,0,,,,,"UC menor que a resolução da grade do SDM (~18,5 km) — sem célula própria"
RESERVA PARTICULAR DO PATRIMÔNIO NATURAL LAÇO DE AMOR,AMAZONAS,7.68,0,,,,,"UC menor que a resolução da grade do SDM (~18,5 km) — sem célula própria"
RESERVA PARTICULAR DO PATRIMÔNIO NATURAL SÍTIO MORADA DO SOL,AMAZONAS,41.89,0,,,,,"UC menor que a resolução da grade do SDM (~18,5 km) — sem célula própria"
RESERVA PARTICULAR DO PATRIMÔNIO NATURAL MORADA DO SOL E DA LUA,AMAZONAS,6.72,0,,,,,"UC menor que a resolução da grade do SDM (~18,5 km) — sem célula própria"
RESERVA BIOLÓGICA DO UATUMÃ,AMAZONAS,938592.13,0,,,,,"UC menor que a resolução da grade do SDM (~18,5 km) — sem célula própria"
REFÚGIO DE VIDA SILVESTRE DO SAUIM-DE-COLEIRA,AMAZONAS,15289.44,0,,,,,"UC menor que a resolução da grade do SDM (~18,5 km) — sem célula própria"
ÁREA DE RELEVANTE INTERESSE ECOLÓGICO PROJETO DINÂMICA BIOLÓGICA DE FRAGMENTOS FLORESTAIS,AMAZONAS,3179.98,0,,,,,"UC menor que a resolução da grade do SDM (~18,5 km) — sem célula própria"
